json ser(micros), json len(bytes), json & lz4 #(micros), json & lz4 len(bytes), json & lz4 !(micros), json & snappy #(micros), json & snappy len(bytes), json & snappy !(micros), json & zlib #(micros), json & zlib len(bytes), json & zlib !(micros), json & zstd #(micros), json & zstd len(bytes), json & zstd !(micros), json de(micros), protobuf ser(micros), protobuf len(bytes), protobuf & lz4 #(micros), protobuf & lz4 len(bytes), protobuf & lz4 !(micros), protobuf & snappy #(micros), protobuf & snappy len(bytes), protobuf & snappy !(micros), protobuf & zlib #(micros), protobuf & zlib len(bytes), protobuf & zlib !(micros), protobuf & zstd #(micros), protobuf & zstd len(bytes), protobuf & zstd !(micros), protobuf de(micros), protoref ser(micros), protoref len(bytes), protoref & lz4 #(micros), protoref & lz4 len(bytes), protoref & lz4 !(micros), protoref & snappy #(micros), protoref & snappy len(bytes), protoref & snappy !(micros), protoref & zlib #(micros), protoref & zlib len(bytes), protoref & zlib !(micros), protoref & zstd #(micros), protoref & zstd len(bytes), protoref & zstd !(micros), protoref de(micros), msgpack ser(micros), msgpack len(bytes), msgpack & lz4 #(micros), msgpack & lz4 len(bytes), msgpack & lz4 !(micros), msgpack & snappy #(micros), msgpack & snappy len(bytes), msgpack & snappy !(micros), msgpack & zlib #(micros), msgpack & zlib len(bytes), msgpack & zlib !(micros), msgpack & zstd #(micros), msgpack & zstd len(bytes), msgpack & zstd !(micros), msgpack de(micros), bson ser(micros), bson len(bytes), bson & lz4 #(micros), bson & lz4 len(bytes), bson & lz4 !(micros), bson & snappy #(micros), bson & snappy len(bytes), bson & snappy !(micros), bson & zlib #(micros), bson & zlib len(bytes), bson & zlib !(micros), bson & zstd #(micros), bson & zstd len(bytes), bson & zstd !(micros), bson de(micros), cbor ser(micros), cbor len(bytes), cbor & lz4 #(micros), cbor & lz4 len(bytes), cbor & lz4 !(micros), cbor & snappy #(micros), cbor & snappy len(bytes), cbor & snappy !(micros), cbor & zlib #(micros), cbor & zlib len(bytes), cbor & zlib !(micros), cbor & zstd #(micros), cbor & zstd len(bytes), cbor & zstd !(micros), cbor de(micros), pickle ser(micros), pickle len(bytes), pickle & lz4 #(micros), pickle & lz4 len(bytes), pickle & lz4 !(micros), pickle & snappy #(micros), pickle & snappy len(bytes), pickle & snappy !(micros), pickle & zlib #(micros), pickle & zlib len(bytes), pickle & zlib !(micros), pickle & zstd #(micros), pickle & zstd len(bytes), pickle & zstd !(micros), pickle de(micros), capnproto ser(micros), capnproto len(bytes), capnproto & lz4 #(micros), capnproto & lz4 len(bytes), capnproto & lz4 !(micros), capnproto & snappy #(micros), capnproto & snappy len(bytes), capnproto & snappy !(micros), capnproto & zlib #(micros), capnproto & zlib len(bytes), capnproto & zlib !(micros), capnproto & zstd #(micros), capnproto & zstd len(bytes), capnproto & zstd !(micros), capnproto de(micros),
473, 2681, 1319, 1981, 3770, 510, 1938, 336, 2897, 1117, 1119, 527, 974, 59, 689, 218, 920, 253, 935, 65, 125, 938, 94, 1515, 880, 771, 302, 892, 27, 444, 6069, 920, 251, 935, 70, 136, 938, 94, 1440, 881, 756, 149, 892, 38, 3176, 215, 1501, 543, 1055, 2894, 250, 1143, 174, 1824, 964, 914, 107, 823, 27, 661, 355, 1670, 561, 1141, 2904, 256, 1191, 174, 2376, 1020, 1267, 149, 897, 36, 787, 256, 1511, 722, 1055, 3942, 338, 1146, 238, 2454, 963, 1217, 105, 825, 38, 1164, 259, 2026, 713, 1257, 3358, 357, 1273, 243, 2934, 1010, 1350, 115, 867, 33, 1872, 267, 912, 454, 865, 3865, 197, 930, 121, 1972, 838, 1009, 99, 832, 26, 545, 
455, 2691, 1219, 1986, 4009, 562, 1933, 408, 3456, 1110, 1486, 167, 1013, 54, 916, 293, 920, 305, 935, 83, 177, 938, 119, 1935, 876, 1013, 122, 886, 26, 582, 8228, 920, 315, 935, 86, 195, 938, 125, 1946, 874, 1014, 135, 886, 31, 4229, 295, 1501, 703, 1048, 3973, 326, 1130, 230, 2441, 956, 1209, 112, 822, 33, 890, 520, 1670, 741, 1120, 3925, 333, 1186, 245, 2611, 1019, 1286, 153, 893, 37, 949, 219, 1511, 591, 1049, 3739, 346, 1138, 235, 2528, 955, 1214, 131, 824, 36, 1247, 290, 2026, 879, 1243, 4044, 384, 1261, 250, 2269, 1006, 1379, 124, 867, 36, 1851, 269, 912, 482, 866, 3283, 162, 930, 100, 1332, 838, 329, 47, 832, 9, 190, 
456, 2685, 990, 1962, 3467, 465, 1916, 328, 1844, 1108, 485, 71, 999, 22, 310, 101, 920, 108, 935, 29, 58, 938, 41, 637, 890, 333, 41, 892, 9, 193, 2743, 920, 103, 935, 29, 53, 938, 41, 629, 890, 335, 58, 892, 9, 1390, 93, 1501, 235, 1048, 1271, 108, 1141, 75, 802, 963, 393, 42, 822, 11, 295, 161, 1670, 241, 1130, 1288, 112, 1200, 75, 847, 1023, 438, 38, 898, 11, 330, 99, 1518, 235, 1052, 1274, 108, 1153, 74, 799, 966, 396, 37, 832, 11, 383, 86, 2026, 285, 1256, 1290, 118, 1267, 78, 949, 1008, 440, 35, 866, 10, 613, 93, 912, 148, 866, 1266, 63, 930, 40, 637, 852, 329, 35, 834, 9, 183, 
472, 2681, 1239, 1974, 3636, 469, 1916, 329, 1984, 1112, 486, 71, 999, 21, 313, 101, 920, 105, 935, 28, 47, 938, 40, 630, 885, 329, 36, 891, 10, 194, 2729, 920, 107, 935, 29, 47, 938, 41, 633, 884, 333, 41, 891, 9, 1388, 93, 1501, 235, 1048, 1278, 108, 1160, 75, 794, 970, 401, 40, 828, 11, 295, 158, 1670, 241, 1136, 1275, 109, 1201, 74, 850, 1025, 413, 36, 901, 11, 338, 100, 1521, 235, 1060, 1283, 108, 1156, 74, 806, 974, 396, 44, 832, 11, 393, 88, 2026, 296, 1262, 1298, 115, 1276, 77, 953, 1013, 443, 38, 873, 11, 614, 92, 912, 157, 866, 1262, 64, 930, 40, 636, 850, 327, 34, 834, 9, 184, 
450, 2697, 407, 1976, 1312, 197, 1941, 132, 1169, 1109, 485, 67, 1018, 21, 310, 101, 920, 110, 931, 1254, 59, 938, 40, 629, 874, 341, 35, 887, 9, 193, 2727, 920, 135, 931, 1277, 72, 938, 45, 665, 875, 336, 61, 887, 12, 1417, 95, 1501, 240, 1051, 1333, 117, 1137, 80, 829, 958, 399, 58, 832, 14, 305, 163, 1670, 246, 1112, 1290, 112, 1183, 76, 847, 1021, 414, 44, 904, 12, 338, 100, 1521, 238, 1050, 1324, 121, 1144, 79, 834, 970, 405, 64, 836, 14, 514, 94, 2026, 301, 1251, 1309, 128, 1262, 82, 975, 1013, 450, 60, 877, 13, 627, 96, 912, 155, 866, 1287, 71, 930, 42, 659, 838, 331, 44, 834, 10, 184, 
487, 2689, 1201, 1974, 3421, 466, 1929, 327, 1570, 1106, 484, 67, 1008, 20, 316, 102, 920, 111, 935, 29, 62, 938, 41, 637, 887, 330, 38, 887, 10, 191, 2732, 920, 110, 935, 30, 63, 938, 43, 646, 887, 343, 48, 887, 10, 1397, 94, 1501, 235, 1046, 1275, 110, 1143, 76, 805, 956, 398, 41, 825, 12, 292, 161, 1670, 243, 1126, 1275, 107, 1179, 75, 852, 1025, 420, 35, 904, 11, 329, 99, 1521, 231, 1048, 1270, 105, 1148, 77, 796, 963, 396, 35, 829, 10, 383, 85, 2026, 287, 1250, 1283, 113, 1264, 78, 944, 1011, 437, 35, 870, 10, 607, 93, 912, 152, 866, 1256, 64, 930, 44, 658, 842, 331, 42, 834, 10, 186, 
458, 2698, 1396, 1963, 4055, 532, 1939, 365, 2106, 1115, 493, 73, 1018, 21, 333, 103, 920, 143, 926, 1297, 65, 938, 44, 647, 891, 337, 46, 892, 10, 197, 2761, 920, 132, 926, 1259, 65, 938, 41, 637, 889, 330, 42, 892, 9, 1399, 93, 1501, 238, 1056, 1268, 114, 1154, 76, 803, 969, 395, 42, 832, 11, 292, 169, 1670, 245, 1138, 1279, 110, 1192, 75, 855, 1023, 411, 46, 904, 14, 333, 100, 1521, 237, 1052, 1295, 111, 1160, 75, 799, 974, 394, 39, 836, 11, 383, 87, 2026, 282, 1254, 1290, 116, 1265, 77, 953, 1015, 441, 34, 876, 10, 609, 92, 912, 150, 865, 1267, 63, 930, 39, 646, 844, 327, 33, 833, 9, 181, 
451, 2697, 1221, 2009, 3792, 466, 1959, 326, 2474, 1111, 486, 66, 1000, 20, 312, 100, 920, 111, 933, 1253, 56, 938, 43, 696, 880, 345, 85, 890, 14, 230, 2887, 920, 130, 933, 1260, 57, 938, 43, 662, 878, 336, 58, 890, 11, 1405, 93, 1501, 239, 1049, 1276, 114, 1150, 75, 796, 952, 389, 48, 827, 13, 297, 161, 1670, 255, 1125, 1278, 110, 1183, 76, 849, 1019, 410, 40, 898, 10, 332, 100, 1521, 233, 1051, 1284, 121, 1150, 78, 847, 953, 405, 95, 831, 18, 429, 93, 2026, 304, 1257, 1317, 123, 1261, 81, 962, 1004, 439, 44, 872, 12, 621, 94, 912, 149, 865, 1267, 65, 930, 40, 647, 839, 327, 35, 833, 9, 185, 
454, 2690, 1216, 1963, 3523, 465, 1917, 341, 1681, 1108, 490, 65, 987, 21, 307, 100, 920, 112, 935, 27, 62, 938, 40, 622, 878, 342, 37, 886, 9, 191, 2761, 920, 110, 935, 28, 62, 938, 40, 632, 877, 337, 37, 886, 9, 1381, 94, 1501, 232, 1040, 1271, 109, 1144, 75, 802, 956, 389, 39, 822, 11, 296, 158, 1670, 240, 1125, 1277, 110, 1174, 75, 852, 1016, 421, 36, 898, 11, 327, 99, 1521, 232, 1051, 1272, 108, 1150, 75, 802, 964, 391, 43, 828, 11, 397, 86, 2026, 284, 1245, 1289, 115, 1257, 77, 951, 1002, 437, 38, 870, 11, 621, 92, 912, 149, 865, 1253, 64, 930, 40, 640, 835, 324, 36, 830, 9, 181, 
454, 2697, 923, 1976, 1321, 197, 1931, 133, 1161, 1118, 484, 65, 998, 21, 305, 104, 920, 101, 935, 27, 51, 938, 40, 625, 886, 348, 38, 889, 9, 191, 2728, 920, 104, 935, 28, 52, 938, 41, 633, 885, 341, 38, 889, 10, 1367, 95, 1501, 233, 1051, 1276, 112, 1155, 76, 815, 964, 395, 49, 832, 12, 298, 161, 1670, 243, 1123, 1280, 112, 1188, 76, 851, 1022, 409, 39, 902, 11, 333, 99, 1521, 232, 1050, 1279, 105, 1155, 74, 794, 968, 396, 38, 837, 11, 393, 86, 2026, 283, 1251, 1286, 115, 1258, 78, 958, 1008, 437, 36, 878, 11, 622, 92, 912, 148, 865, 1266, 64, 930, 40, 640, 840, 325, 35, 833, 9, 182, 
486, 2702, 1008, 1959, 3490, 486, 1948, 329, 1724, 1107, 489, 67, 1006, 21, 311, 102, 920, 107, 935, 31, 52, 938, 40, 629, 881, 331, 38, 891, 9, 193, 2718, 920, 103, 935, 28, 53, 938, 41, 629, 882, 332, 46, 891, 9, 1362, 93, 1501, 236, 1055, 1278, 109, 1145, 76, 809, 965, 390, 39, 829, 11, 296, 160, 1670, 241, 1128, 1275, 109, 1192, 74, 847, 1024, 422, 40, 899, 10, 327, 99, 1521, 235, 1052, 1273, 105, 1150, 74, 798, 970, 392, 34, 833, 10, 382, 95, 2026, 283, 1262, 1285, 119, 1268, 77, 957, 1010, 435, 36, 875, 11, 611, 102, 912, 159, 865, 1257, 66, 930, 40, 643, 848, 327, 43, 833, 10, 187, 
424, 2699, 896, 1990, 3423, 463, 1927, 326, 2103, 1118, 488, 70, 1004, 21, 311, 102, 920, 112, 932, 1254, 65, 938, 61, 787, 884, 371, 87, 892, 13, 221, 2750, 920, 127, 932, 1274, 55, 938, 43, 657, 884, 337, 50, 892, 10, 1392, 94, 1501, 236, 1047, 1274, 111, 1135, 77, 798, 962, 396, 42, 817, 12, 292, 161, 1670, 246, 1130, 1284, 116, 1195, 79, 865, 1022, 413, 50, 898, 12, 335, 101, 1521, 231, 1045, 1289, 122, 1133, 84, 836, 967, 400, 56, 821, 13, 404, 89, 2026, 286, 1238, 1293, 118, 1251, 79, 951, 1005, 436, 40, 863, 11, 617, 93, 912, 147, 864, 1266, 64, 930, 40, 639, 845, 326, 34, 833, 9, 182, 
334, 2695, 1037, 1943, 3527, 472, 1905, 330, 2584, 1102, 483, 68, 1003, 22, 317, 102, 923, 121, 936, 1254, 60, 941, 40, 639, 891, 341, 36, 900, 9, 201, 2734, 923, 122, 936, 1270, 63, 941, 42, 649, 891, 334, 48, 900, 10, 1394, 94, 1504, 236, 1049, 1288, 107, 1135, 75, 805, 955, 395, 40, 829, 11, 293, 160, 1670, 239, 1131, 1289, 107, 1180, 76, 852, 1017, 411, 35, 897, 11, 329, 103, 1521, 232, 1051, 1291, 105, 1136, 74, 806, 958, 394, 35, 822, 11, 384, 84, 2026, 283, 1250, 1294, 114, 1264, 78, 956, 1001, 441, 34, 861, 11, 612, 92, 912, 147, 866, 1262, 66, 930, 39, 653, 842, 328, 33, 834, 9, 185, 
488, 2694, 1193, 1962, 3566, 468, 1946, 326, 1863, 1107, 491, 66, 1008, 21, 309, 103, 930, 81, 945, 28, 59, 948, 40, 634, 895, 336, 35, 900, 9, 199, 2888, 930, 98, 945, 35, 70, 948, 47, 673, 897, 341, 71, 900, 13, 1414, 95, 1511, 238, 1053, 1279, 111, 1144, 78, 813, 968, 398, 44, 825, 12, 295, 161, 1670, 244, 1120, 1278, 110, 1190, 76, 855, 1025, 421, 36, 900, 11, 332, 100, 1521, 234, 1058, 1280, 107, 1145, 73, 798, 968, 398, 33, 828, 10, 391, 85, 2026, 282, 1252, 1288, 115, 1269, 77, 981, 1007, 441, 44, 868, 12, 632, 93, 912, 156, 866, 1271, 67, 930, 41, 653, 847, 328, 35, 834, 9, 183, 
457, 2703, 514, 2001, 1308, 209, 1895, 139, 1156, 1112, 488, 66, 1006, 21, 313, 100, 930, 107, 944, 1255, 66, 948, 39, 646, 899, 332, 35, 897, 9, 195, 2716, 930, 116, 944, 1269, 67, 948, 40, 638, 900, 333, 38, 897, 9, 1392, 95, 1511, 244, 1047, 1279, 112, 1142, 75, 805, 969, 393, 45, 826, 12, 295, 161, 1670, 244, 1137, 1298, 109, 1199, 76, 851, 1019, 408, 39, 910, 11, 337, 100, 1521, 235, 1049, 1296, 109, 1154, 75, 805, 971, 393, 40, 830, 11, 385, 85, 2026, 284, 1256, 1298, 120, 1263, 79, 947, 1009, 437, 40, 871, 11, 625, 93, 912, 148, 866, 1274, 64, 930, 40, 644, 836, 325, 35, 834, 8, 184, 
454, 2713, 1218, 2001, 3772, 469, 1969, 327, 2375, 1131, 488, 67, 1011, 22, 311, 102, 930, 125, 941, 1253, 65, 948, 40, 644, 895, 331, 38, 901, 9, 197, 2732, 930, 144, 941, 1255, 68, 948, 42, 643, 895, 333, 44, 901, 9, 1397, 96, 1511, 241, 1057, 1276, 109, 1143, 76, 803, 967, 393, 47, 827, 14, 296, 160, 1670, 242, 1131, 1287, 109, 1197, 74, 858, 1022, 411, 36, 905, 10, 329, 99, 1521, 233, 1050, 1286, 110, 1159, 75, 803, 967, 395, 41, 829, 11, 390, 87, 2026, 285, 1257, 1304, 114, 1266, 77, 957, 1011, 451, 66, 871, 14, 661, 105, 912, 173, 866, 1296, 83, 930, 46, 699, 844, 350, 85, 834, 15, 217, 
486, 2704, 1244, 1973, 3601, 479, 1897, 342, 1606, 1107, 489, 67, 1008, 21, 312, 100, 930, 153, 936, 1263, 66, 948, 41, 638, 889, 332, 38, 901, 9, 192, 2737, 930, 150, 936, 1259, 66, 948, 40, 635, 889, 336, 40, 901, 9, 1384, 96, 1511, 234, 1047, 1283, 109, 1143, 75, 799, 965, 392, 44, 821, 15, 312, 173, 1670, 246, 1137, 1274, 112, 1197, 77, 863, 1022, 415, 44, 893, 11, 328, 100, 1521, 233, 1055, 1295, 106, 1150, 75, 801, 970, 392, 38, 825, 11, 389, 85, 2026, 282, 1249, 1329, 120, 1257, 79, 955, 1008, 443, 45, 865, 12, 624, 94, 912, 151, 866, 1273, 65, 930, 40, 640, 842, 327, 36, 834, 9, 183, 
454, 2708, 1215, 1996, 3627, 471, 1954, 324, 2010, 1114, 489, 67, 984, 21, 308, 100, 930, 104, 943, 1259, 65, 948, 40, 638, 905, 335, 36, 902, 9, 192, 2719, 930, 114, 943, 1258, 66, 948, 41, 634, 902, 333, 39, 902, 9, 1376, 93, 1511, 243, 1054, 1302, 113, 1149, 77, 807, 969, 401, 46, 827, 12, 298, 161, 1670, 246, 1136, 1295, 110, 1198, 75, 861, 1024, 410, 38, 901, 10, 334, 99, 1521, 255, 1053, 1288, 110, 1150, 74, 818, 971, 399, 42, 831, 11, 389, 87, 2026, 286, 1255, 1303, 115, 1264, 78, 952, 1011, 441, 38, 871, 11, 615, 92, 912, 147, 868, 1273, 64, 930, 40, 641, 841, 329, 36, 833, 9, 184, 
398, 2695, 887, 1976, 3405, 469, 1936, 326, 2151, 1120, 486, 69, 995, 21, 306, 99, 930, 78, 945, 28, 64, 948, 39, 636, 893, 329, 34, 898, 9, 196, 2739, 930, 82, 945, 31, 71, 948, 42, 640, 888, 335, 42, 898, 10, 1399, 94, 1511, 237, 1055, 1275, 109, 1136, 76, 805, 961, 404, 42, 827, 12, 293, 162, 1670, 241, 1137, 1271, 108, 1176, 75, 848, 1014, 416, 36, 908, 11, 340, 100, 1521, 234, 1054, 1284, 106, 1147, 75, 801, 962, 395, 36, 831, 10, 385, 85, 2026, 293, 1252, 1290, 113, 1250, 78, 955, 1003, 461, 45, 872, 11, 621, 94, 912, 162, 865, 1263, 66, 930, 41, 658, 844, 332, 40, 833, 9, 184, 
455, 2698, 597, 1999, 1322, 215, 1904, 143, 1215, 1112, 497, 68, 1021, 21, 317, 102, 930, 84, 945, 29, 66, 948, 41, 637, 887, 330, 36, 902, 9, 192, 2707, 930, 80, 945, 28, 65, 948, 41, 637, 888, 330, 38, 902, 9, 1398, 95, 1511, 234, 1049, 1282, 110, 1132, 75, 792, 964, 398, 39, 823, 11, 307, 160, 1670, 246, 1129, 1282, 107, 1194, 76, 854, 1020, 412, 36, 906, 11, 333, 99, 1521, 242, 1054, 1282, 107, 1140, 74, 796, 967, 394, 37, 827, 10, 381, 85, 2026, 285, 1247, 1301, 114, 1262, 77, 948, 1001, 439, 35, 869, 11, 614, 92, 912, 147, 865, 1277, 65, 930, 39, 645, 841, 351, 40, 833, 9, 185, 
335, 2697, 901, 1977, 3591, 471, 1928, 327, 2566, 1124, 488, 66, 1008, 21, 309, 101, 930, 143, 937, 1255, 64, 948, 40, 637, 890, 340, 38, 901, 8, 191, 2729, 930, 148, 937, 1266, 67, 948, 41, 642, 889, 332, 40, 901, 9, 1377, 95, 1511, 235, 1042, 1316, 114, 1137, 76, 812, 964, 395, 48, 824, 12, 306, 162, 1670, 245, 1134, 1288, 110, 1194, 75, 854, 1019, 410, 39, 893, 11, 330, 99, 1521, 233, 1044, 1280, 113, 1142, 75, 800, 964, 393, 35, 826, 10, 381, 86, 2026, 281, 1248, 1289, 115, 1260, 78, 953, 1004, 439, 38, 867, 11, 617, 93, 912, 148, 865, 1268, 64, 930, 39, 647, 846, 328, 35, 833, 9, 184, 
455, 2700, 947, 1995, 3166, 466, 1970, 326, 1921, 1118, 490, 67, 1002, 21, 309, 100, 930, 150, 936, 1261, 65, 948, 40, 648, 903, 334, 35, 902, 9, 194, 2708, 930, 155, 936, 1267, 69, 948, 41, 647, 902, 336, 44, 902, 10, 1389, 94, 1511, 236, 1055, 1286, 112, 1138, 75, 795, 968, 394, 40, 822, 12, 292, 159, 1670, 247, 1128, 1289, 109, 1196, 74, 853, 1023, 411, 36, 895, 10, 327, 100, 1521, 234, 1057, 1290, 108, 1148, 73, 796, 968, 400, 37, 825, 10, 383, 86, 2026, 283, 1256, 1290, 114, 1272, 77, 956, 1010, 442, 36, 865, 11, 613, 93, 912, 148, 865, 1269, 64, 930, 39, 657, 848, 328, 37, 833, 9, 190, 
457, 2701, 930, 1946, 2690, 193, 1947, 133, 1150, 1106, 487, 66, 992, 21, 318, 100, 930, 78, 945, 28, 64, 948, 39, 632, 890, 335, 35, 897, 9, 192, 2739, 930, 78, 945, 28, 66, 948, 40, 637, 890, 332, 35, 897, 9, 1375, 97, 1511, 232, 1047, 1286, 113, 1128, 80, 809, 968, 400, 49, 822, 12, 304, 161, 1670, 244, 1134, 1291, 108, 1190, 74, 860, 1024, 413, 40, 893, 11, 333, 99, 1521, 234, 1057, 1281, 104, 1138, 72, 799, 972, 396, 36, 825, 10, 381, 85, 2026, 280, 1242, 1294, 113, 1259, 78, 964, 1012, 444, 44, 866, 11, 621, 94, 912, 151, 866, 1272, 68, 930, 41, 661, 844, 332, 40, 834, 9, 186, 
451, 2699, 1224, 1972, 3803, 478, 1900, 328, 2513, 1113, 483, 66, 989, 21, 310, 101, 930, 144, 935, 1258, 63, 948, 40, 643, 894, 333, 35, 900, 9, 197, 2722, 930, 154, 935, 1254, 62, 948, 40, 638, 895, 331, 38, 900, 9, 1381, 94, 1511, 252, 1047, 1274, 110, 1139, 76, 803, 965, 396, 46, 826, 12, 298, 159, 1670, 240, 1132, 1297, 110, 1167, 76, 855, 1022, 414, 37, 895, 11, 327, 99, 1521, 232, 1050, 1287, 107, 1152, 74, 810, 962, 394, 36, 830, 10, 387, 86, 2026, 285, 1259, 1298, 113, 1256, 77, 956, 1010, 439, 35, 872, 11, 612, 92, 912, 147, 866, 1271, 75, 930, 41, 642, 846, 329, 45, 834, 10, 184, 
483, 2713, 611, 2010, 1322, 229, 1960, 141, 1232, 1127, 491, 67, 1001, 21, 310, 100, 930, 78, 945, 28, 64, 948, 40, 635, 898, 334, 36, 900, 9, 193, 2739, 930, 78, 945, 28, 56, 948, 40, 645, 895, 334, 42, 900, 9, 1402, 95, 1511, 235, 1052, 1277, 115, 1152, 76, 804, 975, 410, 40, 825, 11, 295, 161, 1670, 248, 1131, 1285, 110, 1193, 75, 862, 1026, 413, 37, 903, 11, 342, 99, 1521, 234, 1058, 1275, 111, 1153, 74, 805, 978, 401, 35, 829, 10, 385, 87, 2026, 296, 1257, 1287, 115, 1264, 78, 944, 1013, 443, 38, 869, 11, 617, 93, 912, 166, 866, 1266, 65, 930, 40, 641, 847, 329, 36, 834, 8, 183, 
455, 2710, 1235, 2011, 3685, 467, 1935, 328, 2152, 1117, 493, 66, 1001, 22, 308, 101, 930, 114, 943, 1262, 63, 948, 40, 645, 903, 338, 35, 902, 9, 192, 2729, 930, 116, 943, 1269, 64, 948, 40, 633, 901, 333, 36, 902, 9, 1375, 94, 1516, 242, 1050, 1279, 112, 1148, 76, 804, 973, 400, 44, 839, 12, 296, 160, 1670, 240, 1133, 1300, 109, 1173, 74, 852, 1029, 413, 35, 902, 11, 333, 100, 1526, 234, 1057, 1288, 107, 1150, 75, 808, 977, 398, 40, 841, 11, 388, 87, 2026, 286, 1244, 1304, 115, 1272, 77, 941, 1013, 442, 43, 872, 12, 633, 92, 912, 148, 878, 1270, 72, 930, 40, 631, 847, 335, 37, 837, 9, 183, 
335, 2706, 895, 2017, 3405, 480, 1921, 329, 2079, 1121, 493, 65, 1003, 22, 307, 101, 930, 142, 937, 1257, 45, 948, 40, 639, 889, 332, 35, 900, 9, 193, 2732, 930, 142, 937, 1264, 46, 948, 41, 638, 892, 328, 37, 897, 14, 1382, 95, 1521, 249, 1046, 1275, 112, 1153, 77, 805, 965, 396, 45, 830, 11, 296, 159, 1670, 238, 1115, 1299, 107, 1157, 75, 834, 1021, 411, 36, 902, 11, 327, 99, 1531, 231, 1061, 1284, 106, 1155, 74, 795, 967, 395, 34, 833, 11, 383, 86, 2026, 281, 1253, 1287, 123, 1268, 77, 930, 1011, 437, 36, 875, 11, 627, 92, 912, 147, 866, 1262, 63, 930, 40, 630, 844, 327, 34, 835, 9, 182, 
333, 2700, 884, 1986, 2951, 421, 1955, 291, 2598, 1109, 513, 94, 1011, 23, 334, 106, 930, 174, 936, 1271, 73, 948, 43, 675, 896, 371, 73, 900, 13, 221, 2785, 930, 181, 936, 1284, 73, 948, 44, 671, 894, 338, 64, 900, 12, 1435, 98, 1521, 260, 1048, 1278, 119, 1154, 77, 817, 967, 401, 57, 833, 14, 308, 164, 1670, 246, 1120, 1287, 110, 1167, 77, 844, 1022, 411, 41, 910, 11, 331, 99, 1531, 231, 1050, 1291, 106, 1160, 73, 799, 971, 399, 36, 836, 11, 384, 86, 2026, 283, 1253, 1291, 113, 1257, 76, 939, 1009, 441, 34, 878, 11, 614, 94, 912, 150, 866, 1262, 68, 930, 42, 658, 849, 335, 54, 835, 11, 190, 
356, 2703, 895, 1966, 3436, 479, 1903, 330, 1909, 1118, 486, 67, 993, 21, 309, 101, 930, 81, 945, 28, 49, 948, 40, 642, 889, 332, 36, 902, 10, 193, 2703, 930, 79, 945, 28, 60, 948, 41, 636, 885, 334, 35, 902, 9, 1380, 94, 1521, 233, 1044, 1275, 109, 1161, 75, 803, 967, 395, 49, 823, 12, 302, 161, 1670, 243, 1136, 1281, 108, 1164, 74, 850, 1021, 411, 38, 904, 10, 325, 99, 1531, 232, 1052, 1280, 109, 1156, 74, 810, 968, 399, 46, 826, 12, 390, 86, 2026, 282, 1246, 1299, 115, 1262, 80, 930, 1009, 440, 38, 866, 10, 614, 93, 912, 147, 865, 1265, 63, 930, 40, 630, 845, 329, 35, 834, 9, 181, 
401, 2712, 945, 1989, 1314, 200, 1908, 159, 1171, 1122, 490, 67, 993, 22, 316, 102, 930, 88, 945, 29, 62, 948, 40, 638, 894, 331, 37, 902, 9, 192, 2757, 930, 81, 945, 28, 64, 948, 41, 639, 894, 331, 40, 902, 9, 1377, 95, 1521, 235, 1045, 1279, 110, 1154, 77, 811, 961, 416, 49, 828, 12, 301, 162, 1670, 243, 1129, 1280, 108, 1168, 75, 842, 1019, 409, 40, 901, 19, 333, 100, 1531, 233, 1054, 1270, 107, 1161, 74, 798, 961, 395, 37, 832, 11, 382, 86, 2026, 300, 1250, 1287, 116, 1259, 78, 934, 1009, 439, 40, 872, 11, 619, 93, 912, 159, 865, 1264, 64, 930, 40, 622, 843, 333, 35, 834, 9, 184, 
455, 2700, 1204, 1979, 3636, 480, 1913, 332, 2018, 1118, 489, 66, 1014, 21, 310, 100, 930, 81, 945, 28, 64, 948, 40, 635, 885, 328, 36, 902, 9, 196, 2720, 930, 82, 945, 28, 66, 948, 40, 630, 885, 341, 35, 900, 9, 1372, 95, 1521, 236, 1052, 1281, 109, 1143, 75, 808, 956, 390, 43, 829, 11, 297, 160, 1670, 240, 1126, 1274, 106, 1159, 75, 839, 1019, 417, 36, 903, 11, 326, 98, 1531, 231, 1052, 1277, 104, 1145, 73, 793, 957, 389, 34, 833, 11, 394, 84, 2026, 281, 1241, 1289, 113, 1258, 78, 928, 1008, 439, 42, 873, 11, 626, 93, 912, 149, 865, 1258, 66, 930, 39, 628, 836, 324, 35, 834, 9, 182, 
468, 2707, 1231, 2011, 3626, 471, 1959, 329, 2024, 1123, 493, 66, 997, 21, 309, 100, 930, 143, 937, 1269, 64, 948, 40, 629, 894, 335, 36, 902, 9, 195, 2729, 930, 144, 937, 1257, 65, 948, 40, 635, 895, 331, 40, 902, 9, 1387, 95, 1521, 233, 1053, 1277, 111, 1154, 80, 803, 963, 395, 44, 824, 12, 298, 158, 1670, 254, 1123, 1274, 107, 1161, 75, 847, 1018, 409, 38, 901, 11, 330, 99, 1531, 233, 1051, 1282, 106, 1155, 77, 800, 967, 397, 42, 828, 11, 384, 86, 2026, 287, 1254, 1296, 115, 1263, 78, 929, 1005, 435, 38, 869, 11, 609, 92, 912, 147, 865, 1272, 65, 930, 40, 630, 849, 330, 37, 834, 9, 184, 
540, 2701, 1274, 1994, 3645, 469, 1944, 331, 2075, 1125, 494, 67, 1006, 21, 313, 101, 930, 151, 936, 1260, 69, 948, 41, 644, 896, 338, 38, 899, 9, 194, 2747, 930, 149, 936, 1255, 68, 948, 41, 644, 897, 332, 40, 899, 9, 1402, 95, 1521, 235, 1043, 1273, 113, 1154, 76, 801, 967, 398, 40, 829, 12, 295, 160, 1670, 254, 1124, 1274, 107, 1169, 75, 839, 1021, 410, 35, 899, 11, 329, 99, 1531, 232, 1049, 1282, 108, 1152, 74, 801, 969, 395, 34, 831, 10, 382, 84, 2026, 281, 1248, 1292, 114, 1257, 78, 937, 1009, 441, 34, 871, 11, 658, 93, 912, 154, 865, 1269, 68, 930, 41, 648, 848, 331, 45, 834, 10, 182, 
566, 2698, 1212, 1972, 3559, 470, 1907, 326, 1799, 1103, 488, 65, 998, 21, 310, 101, 930, 105, 943, 1264, 64, 948, 49, 634, 888, 337, 36, 902, 9, 190, 2723, 930, 106, 943, 1257, 65, 948, 40, 632, 887, 332, 35, 902, 9, 1385, 104, 1521, 234, 1046, 1273, 109, 1152, 79, 793, 964, 396, 40, 830, 12, 294, 160, 1670, 243, 1114, 1284, 107, 1168, 74, 838, 1021, 410, 35, 900, 11, 384, 100, 1531, 235, 1044, 1282, 113, 1150, 75, 801, 960, 397, 44, 834, 12, 382, 85, 2026, 284, 1244, 1293, 115, 1247, 77, 922, 1012, 442, 36, 874, 11, 609, 91, 912, 150, 867, 1266, 63, 930, 40, 624, 846, 327, 34, 835, 9, 181, 
454, 2700, 472, 1975, 1312, 195, 1937, 137, 1160, 1108, 485, 66, 1003, 21, 310, 99, 930, 79, 945, 28, 45, 948, 40, 632, 887, 330, 35, 902, 9, 192, 2725, 930, 78, 945, 28, 45, 948, 41, 627, 885, 329, 37, 902, 9, 1392, 95, 1521, 236, 1053, 1276, 110, 1146, 75, 803, 963, 397, 40, 827, 11, 305, 159, 1670, 243, 1117, 1331, 111, 1157, 77, 839, 1021, 413, 44, 895, 12, 337, 99, 1531, 248, 1058, 1274, 106, 1143, 77, 798, 967, 399, 38, 830, 10, 383, 85, 2026, 284, 1252, 1297, 112, 1254, 78, 929, 1009, 441, 34, 870, 10, 613, 93, 912, 146, 867, 1272, 63, 930, 40, 627, 839, 324, 33, 835, 9, 184, 
493, 2697, 1204, 1965, 3658, 468, 1923, 329, 2095, 1108, 517, 68, 1003, 21, 312, 102, 930, 109, 944, 1258, 67, 948, 43, 649, 899, 337, 38, 899, 9, 193, 2743, 930, 106, 944, 1266, 68, 948, 40, 635, 900, 334, 38, 899, 8, 1388, 94, 1521, 236, 1056, 1283, 109, 1144, 77, 796, 964, 393, 42, 818, 11, 294, 158, 1670, 244, 1119, 1283, 106, 1157, 75, 834, 1019, 407, 37, 894, 11, 331, 98, 1531, 232, 1057, 1283, 104, 1145, 74, 794, 960, 395, 34, 821, 10, 380, 85, 2026, 284, 1248, 1280, 113, 1256, 78, 939, 1004, 436, 37, 861, 11, 608, 95, 912, 184, 870, 1265, 65, 930, 40, 638, 842, 331, 44, 835, 10, 186, 
456, 2697, 958, 1976, 3365, 469, 1955, 325, 2314, 1127, 487, 69, 1007, 21, 310, 100, 930, 143, 937, 1259, 67, 948, 39, 640, 894, 332, 37, 902, 9, 194, 2718, 930, 144, 937, 1268, 67, 948, 41, 642, 895, 331, 39, 902, 9, 1370, 94, 1521, 232, 1048, 1283, 110, 1159, 75, 802, 967, 393, 39, 828, 11, 296, 159, 1670, 237, 1121, 1284, 107, 1155, 74, 836, 1020, 408, 35, 907, 11, 326, 99, 1531, 263, 1057, 1295, 111, 1149, 75, 807, 966, 396, 43, 830, 11, 387, 85, 2026, 282, 1249, 1287, 115, 1263, 78, 938, 1011, 437, 36, 873, 11, 613, 93, 912, 147, 867, 1255, 65, 930, 40, 635, 848, 325, 33, 835, 9, 182, 
451, 2702, 1307, 1984, 3660, 470, 1943, 328, 2100, 1119, 491, 70, 1007, 21, 317, 105, 930, 130, 942, 1256, 57, 948, 42, 653, 893, 333, 39, 901, 10, 193, 2736, 930, 124, 942, 1313, 58, 948, 42, 645, 893, 338, 43, 901, 9, 1391, 94, 1521, 248, 1060, 1273, 110, 1156, 77, 799, 958, 393, 42, 833, 12, 297, 159, 1670, 240, 1127, 1338, 126, 1165, 79, 858, 1025, 417, 48, 900, 12, 341, 99, 1531, 244, 1065, 1290, 108, 1157, 75, 795, 962, 393, 40, 835, 10, 385, 86, 2026, 283, 1261, 1298, 116, 1268, 77, 938, 1008, 438, 37, 875, 11, 613, 92, 912, 148, 866, 1265, 64, 930, 39, 628, 848, 326, 34, 835, 9, 181, 
504, 2699, 1286, 1989, 3562, 480, 1930, 331, 1929, 1118, 494, 70, 1000, 22, 315, 102, 930, 88, 945, 29, 47, 948, 46, 639, 903, 350, 40, 902, 9, 191, 2703, 930, 80, 945, 28, 43, 948, 41, 636, 901, 343, 38, 902, 9, 1371, 94, 1521, 237, 1067, 1276, 108, 1162, 75, 817, 972, 394, 37, 829, 11, 297, 159, 1670, 239, 1125, 1280, 107, 1161, 77, 834, 1025, 421, 38, 907, 11, 327, 99, 1531, 237, 1063, 1273, 105, 1159, 74, 807, 973, 393, 36, 832, 11, 395, 86, 2026, 282, 1255, 1287, 114, 1263, 81, 929, 1013, 438, 34, 873, 11, 619, 92, 912, 146, 865, 1306, 67, 930, 41, 638, 847, 329, 43, 834, 9, 190, 
453, 2699, 557, 1979, 1308, 194, 1959, 137, 1173, 1113, 485, 65, 1007, 21, 311, 100, 930, 105, 943, 1259, 64, 948, 40, 651, 890, 359, 62, 901, 13, 205, 2734, 930, 114, 943, 1273, 67, 948, 42, 657, 896, 335, 45, 901, 10, 1380, 95, 1521, 245, 1052, 1276, 112, 1148, 75, 803, 961, 394, 40, 823, 12, 297, 159, 1670, 242, 1135, 1287, 111, 1170, 74, 840, 1024, 417, 37, 892, 11, 327, 98, 1531, 233, 1050, 1336, 110, 1148, 76, 809, 964, 393, 44, 825, 12, 389, 87, 2026, 283, 1246, 1298, 114, 1256, 79, 933, 1012, 442, 38, 866, 11, 620, 93, 912, 149, 865, 1258, 64, 930, 51, 626, 843, 331, 33, 834, 9, 182, 
356, 2701, 909, 1985, 3320, 482, 1902, 331, 2498, 1114, 486, 65, 998, 21, 312, 100, 930, 80, 945, 28, 60, 948, 40, 637, 893, 333, 35, 902, 9, 192, 2719, 930, 82, 945, 32, 66, 948, 42, 646, 893, 335, 45, 902, 10, 1410, 96, 1521, 236, 1053, 1282, 112, 1146, 76, 798, 966, 407, 41, 828, 11, 296, 160, 1670, 243, 1121, 1279, 106, 1161, 74, 838, 1022, 410, 37, 902, 11, 338, 100, 1531, 232, 1056, 1279, 105, 1154, 74, 794, 967, 394, 34, 830, 10, 381, 84, 2026, 294, 1251, 1286, 114, 1266, 78, 935, 1008, 442, 44, 872, 11, 609, 92, 912, 150, 865, 1262, 65, 930, 40, 626, 844, 325, 33, 834, 9, 182, 
486, 2699, 1266, 1985, 3674, 466, 1919, 324, 2079, 1111, 492, 67, 992, 22, 312, 102, 930, 141, 938, 1265, 69, 948, 40, 645, 887, 337, 37, 897, 9, 194, 2715, 930, 146, 938, 1261, 69, 948, 40, 639, 889, 334, 43, 897, 10, 1406, 95, 1521, 246, 1049, 1272, 110, 1152, 78, 802, 964, 399, 42, 825, 11, 294, 160, 1670, 246, 1136, 1284, 106, 1163, 74, 839, 1021, 410, 35, 902, 11, 329, 98, 1531, 230, 1045, 1285, 106, 1153, 77, 791, 967, 397, 33, 827, 11, 380, 86, 2026, 283, 1244, 1299, 112, 1255, 77, 930, 1008, 438, 44, 867, 12, 616, 94, 912, 150, 865, 1260, 65, 930, 49, 640, 848, 331, 39, 834, 9, 184, 
451, 2705, 1040, 1998, 3243, 473, 1932, 327, 2533, 1115, 486, 140, 993, 31, 314, 101, 930, 150, 936, 1253, 67, 948, 39, 643, 892, 330, 36, 895, 9, 193, 2729, 930, 151, 936, 1264, 68, 948, 40, 635, 891, 330, 36, 895, 8, 1381, 94, 1521, 236, 1047, 1285, 112, 1159, 76, 806, 961, 395, 46, 826, 12, 305, 175, 1670, 245, 1127, 1285, 110, 1161, 75, 844, 1023, 412, 43, 898, 11, 330, 103, 1531, 233, 1051, 1288, 106, 1155, 73, 797, 967, 392, 36, 829, 10, 384, 85, 2026, 280, 1246, 1290, 112, 1255, 77, 935, 1006, 436, 34, 868, 11, 613, 92, 912, 146, 865, 1256, 63, 930, 39, 637, 842, 326, 34, 834, 9, 188, 
470, 2702, 1248, 1981, 3669, 482, 1926, 326, 2052, 1110, 489, 67, 986, 21, 306, 100, 930, 148, 936, 1255, 47, 948, 40, 641, 893, 333, 36, 902, 9, 193, 2746, 930, 152, 936, 1266, 51, 948, 40, 645, 894, 332, 42, 902, 9, 1398, 95, 1521, 235, 1056, 1282, 108, 1155, 79, 798, 970, 399, 39, 831, 11, 293, 160, 1670, 243, 1128, 1286, 112, 1158, 76, 842, 1027, 411, 43, 906, 12, 330, 100, 1531, 235, 1059, 1280, 107, 1158, 77, 807, 967, 395, 37, 834, 10, 380, 85, 2026, 285, 1258, 1282, 114, 1270, 86, 937, 1013, 435, 36, 874, 10, 609, 93, 912, 147, 865, 1263, 63, 930, 39, 633, 842, 325, 34, 834, 9, 181, 
357, 2708, 650, 1989, 1308, 215, 1911, 136, 1167, 1120, 488, 66, 1007, 21, 319, 101, 930, 84, 945, 29, 70, 948, 41, 640, 895, 331, 38, 897, 10, 192, 2713, 930, 80, 945, 28, 68, 948, 41, 634, 896, 332, 38, 897, 9, 1394, 95, 1521, 235, 1054, 1270, 108, 1153, 75, 816, 966, 397, 39, 831, 12, 292, 160, 1670, 240, 1124, 1278, 106, 1158, 74, 837, 1022, 408, 35, 906, 20, 331, 99, 1531, 233, 1049, 1280, 107, 1157, 74, 798, 970, 397, 38, 835, 10, 381, 87, 2026, 294, 1254, 1285, 114, 1255, 77, 931, 1012, 437, 43, 875, 11, 617, 93, 912, 161, 867, 1264, 63, 930, 41, 637, 847, 327, 36, 835, 9, 185, 
457, 2707, 1000, 1980, 3633, 467, 1929, 326, 1693, 1121, 491, 65, 1001, 21, 306, 101, 930, 79, 945, 30, 63, 948, 40, 635, 895, 335, 34, 902, 9, 193, 2750, 930, 78, 945, 28, 64, 948, 40, 633, 894, 330, 36, 902, 9, 1384, 94, 1521, 239, 1054, 1276, 108, 1148, 75, 802, 968, 402, 38, 825, 11, 297, 159, 1670, 240, 1119, 1273, 110, 1164, 74, 833, 1023, 413, 43, 901, 11, 333, 100, 1531, 235, 1056, 1278, 107, 1153, 75, 803, 970, 392, 39, 828, 10, 387, 85, 2026, 280, 1251, 1299, 114, 1255, 76, 932, 1010, 436, 35, 868, 11, 613, 93, 912, 150, 867, 1267, 68, 930, 41, 638, 848, 328, 43, 835, 10, 189, 
457, 2699, 955, 1985, 3604, 428, 1907, 312, 2308, 1112, 483, 68, 984, 22, 310, 100, 930, 81, 945, 28, 42, 948, 40, 632, 889, 330, 36, 897, 9, 193, 2732, 930, 83, 945, 30, 45, 948, 42, 643, 884, 333, 55, 902, 10, 1401, 95, 1521, 237, 1046, 1285, 109, 1147, 75, 809, 964, 395, 44, 827, 11, 296, 164, 1670, 241, 1118, 1275, 108, 1164, 75, 832, 1021, 425, 39, 905, 11, 327, 99, 1531, 233, 1054, 1275, 107, 1160, 74, 797, 968, 394, 37, 831, 10, 381, 89, 2026, 281, 1249, 1281, 115, 1261, 77, 928, 1010, 443, 38, 871, 11, 610, 103, 912, 150, 867, 1257, 64, 930, 40, 630, 839, 326, 36, 835, 9, 182, 
474, 2702, 1207, 1978, 3841, 469, 1947, 333, 2231, 1124, 494, 68, 1014, 21, 313, 102, 930, 149, 937, 1265, 72, 948, 41, 642, 900, 335, 37, 902, 9, 192, 2748, 930, 144, 937, 1257, 65, 948, 41, 636, 901, 330, 40, 902, 10, 1401, 95, 1521, 234, 1048, 1275, 108, 1148, 75, 799, 974, 396, 38, 825, 11, 297, 159, 1670, 241, 1144, 1287, 108, 1174, 75, 838, 1026, 409, 37, 901, 11, 331, 99, 1531, 232, 1056, 1286, 105, 1150, 74, 802, 976, 397, 43, 829, 11, 384, 87, 2026, 288, 1254, 1293, 115, 1258, 78, 928, 1016, 437, 36, 868, 11, 613, 93, 912, 147, 867, 1271, 63, 930, 40, 628, 857, 330, 34, 835, 9, 182, 
484, 2697, 1238, 1967, 3687, 466, 1934, 327, 2144, 1106, 489, 66, 999, 21, 309, 101, 930, 99, 945, 28, 47, 948, 40, 637, 901, 331, 37, 897, 9, 197, 2699, 930, 121, 942, 1258, 54, 948, 40, 632, 902, 334, 36, 897, 9, 1375, 94, 1521, 236, 1041, 1286, 108, 1154, 75, 803, 969, 393, 59, 831, 13, 319, 163, 1670, 245, 1136, 1275, 109, 1162, 78, 851, 1023, 412, 39, 900, 11, 328, 98, 1531, 236, 1046, 1278, 105, 1159, 74, 810, 971, 392, 36, 833, 11, 381, 85, 2026, 283, 1254, 1282, 117, 1268, 77, 928, 1009, 445, 35, 874, 11, 609, 92, 912, 146, 869, 1253, 63, 930, 39, 623, 848, 326, 35, 832, 9, 185, 
357, 2697, 447, 1956, 1317, 218, 1902, 143, 1225, 1108, 484, 68, 1001, 21, 310, 101, 930, 78, 945, 28, 64, 948, 40, 635, 905, 333, 36, 902, 9, 192, 2721, 930, 79, 945, 28, 65, 948, 41, 653, 908, 334, 44, 902, 10, 1403, 95, 1521, 236, 1055, 1275, 113, 1158, 77, 794, 971, 398, 40, 830, 13, 297, 160, 1670, 244, 1136, 1275, 108, 1178, 75, 840, 1028, 411, 38, 900, 11, 332, 109, 1531, 232, 1057, 1273, 108, 1156, 74, 792, 976, 396, 34, 833, 10, 380, 85, 2026, 284, 1257, 1291, 114, 1274, 77, 933, 1018, 441, 36, 872, 11, 609, 91, 912, 146, 865, 1328, 106, 930, 61, 753, 845, 341, 67, 834, 12, 207, 
481, 2702, 1248, 1994, 3530, 472, 1948, 330, 1707, 1114, 489, 66, 1013, 22, 311, 102, 930, 82, 945, 30, 63, 948, 40, 637, 905, 333, 35, 901, 9, 194, 2768, 930, 78, 945, 28, 45, 948, 40, 637, 904, 334, 36, 901, 9, 1382, 97, 1521, 237, 1057, 1278, 108, 1159, 75, 811, 971, 395, 40, 835, 11, 299, 158, 1670, 239, 1121, 1277, 109, 1165, 75, 838, 1026, 411, 43, 905, 11, 327, 99, 1531, 235, 1064, 1274, 106, 1161, 75, 799, 975, 395, 44, 839, 11, 390, 97, 2026, 284, 1252, 1293, 119, 1257, 79, 932, 1014, 440, 38, 880, 11, 612, 102, 912, 147, 868, 1259, 64, 930, 39, 631, 850, 328, 35, 834, 9, 187, 
469, 2704, 1244, 1965, 3598, 468, 1956, 330, 1949, 1114, 486, 67, 989, 21, 306, 100, 930, 137, 934, 1265, 64, 948, 40, 642, 894, 335, 35, 900, 9, 193, 2742, 930, 136, 934, 1268, 73, 948, 43, 652, 892, 335, 49, 900, 10, 1412, 97, 1521, 245, 1042, 1282, 113, 1152, 75, 801, 967, 400, 40, 828, 11, 294, 160, 1670, 244, 1127, 1288, 107, 1159, 74, 843, 1021, 410, 36, 897, 12, 334, 99, 1531, 233, 1045, 1283, 110, 1151, 74, 799, 971, 400, 35, 830, 10, 383, 87, 2026, 283, 1246, 1285, 124, 1260, 79, 946, 1009, 440, 36, 871, 11, 610, 92, 912, 149, 870, 1259, 64, 930, 39, 640, 846, 331, 35, 835, 9, 184, 
458, 2702, 902, 1981, 3121, 474, 1920, 328, 2221, 1110, 492, 73, 1005, 21, 313, 101, 930, 148, 937, 1255, 68, 948, 40, 642, 888, 337, 36, 902, 9, 195, 2802, 930, 144, 937, 1264, 67, 948, 40, 641, 884, 333, 36, 902, 9, 1377, 95, 1521, 234, 1056, 1282, 108, 1141, 78, 800, 955, 392, 40, 818, 11, 294, 159, 1670, 240, 1113, 1283, 106, 1153, 75, 836, 1020, 410, 37, 896, 11, 331, 99, 1531, 232, 1056, 1284, 106, 1144, 74, 803, 957, 396, 36, 822, 10, 382, 85, 2026, 286, 1249, 1284, 117, 1261, 78, 956, 1004, 438, 47, 862, 12, 614, 93, 912, 147, 865, 1259, 64, 930, 40, 632, 841, 331, 35, 834, 9, 182, 
467, 2701, 1230, 1987, 3772, 467, 1961, 326, 2468, 1116, 490, 67, 992, 21, 314, 101, 930, 151, 936, 1257, 65, 948, 40, 633, 897, 331, 36, 902, 10, 196, 2746, 930, 154, 936, 1255, 66, 948, 40, 640, 892, 331, 39, 902, 9, 1386, 99, 1521, 235, 1051, 1278, 111, 1150, 76, 809, 974, 396, 45, 824, 12, 297, 160, 1670, 240, 1126, 1298, 110, 1161, 75, 847, 1031, 412, 40, 896, 12, 331, 98, 1531, 235, 1061, 1283, 106, 1150, 74, 801, 975, 398, 37, 828, 10, 381, 85, 2026, 281, 1250, 1299, 114, 1268, 77, 938, 1017, 438, 36, 867, 11, 610, 93, 912, 147, 865, 1266, 63, 930, 39, 619, 844, 328, 34, 834, 9, 182, 
161, 2704, 412, 1969, 1312, 193, 1944, 133, 1178, 1113, 489, 66, 1002, 21, 307, 100, 930, 79, 945, 27, 65, 948, 40, 640, 892, 331, 35, 899, 8, 196, 2779, 930, 81, 945, 28, 66, 948, 40, 633, 892, 334, 37, 899, 9, 1419, 95, 1521, 240, 1049, 1275, 111, 1151, 77, 811, 965, 395, 45, 819, 12, 309, 161, 1670, 240, 1128, 1275, 107, 1166, 75, 854, 1021, 412, 35, 894, 11, 329, 98, 1531, 242, 1045, 1279, 106, 1149, 74, 804, 966, 395, 36, 823, 11, 387, 86, 2026, 280, 1246, 1301, 116, 1267, 78, 938, 1004, 438, 38, 862, 11, 619, 93, 912, 147, 869, 1266, 64, 930, 40, 633, 841, 328, 35, 835, 10, 183, 
461, 2701, 1223, 1986, 3470, 467, 1932, 325, 2328, 1125, 488, 66, 1015, 22, 311, 101, 930, 81, 945, 28, 63, 948, 40, 635, 909, 333, 37, 902, 9, 192, 2754, 930, 79, 945, 27, 65, 948, 41, 635, 907, 331, 38, 902, 10, 1398, 95, 1521, 235, 1058, 1274, 109, 1159, 75, 801, 969, 400, 40, 832, 11, 295, 163, 1670, 239, 1136, 1280, 107, 1171, 75, 849, 1032, 411, 38, 904, 12, 328, 99, 1531, 231, 1054, 1276, 106, 1167, 73, 799, 969, 395, 35, 835, 10, 385, 86, 2026, 292, 1257, 1327, 120, 1263, 79, 954, 1018, 440, 42, 875, 12, 614, 107, 912, 150, 867, 1262, 64, 930, 39, 633, 843, 327, 36, 835, 9, 184, 
461, 2712, 1210, 2004, 3620, 466, 1968, 326, 2027, 1126, 494, 67, 994, 21, 311, 100, 930, 82, 945, 28, 65, 948, 41, 635, 902, 331, 36, 900, 9, 198, 2744, 930, 82, 945, 28, 65, 948, 40, 636, 903, 335, 36, 900, 9, 1377, 95, 1521, 234, 1058, 1277, 109, 1161, 75, 817, 975, 424, 47, 832, 12, 303, 161, 1670, 243, 1129, 1282, 110, 1167, 77, 842, 1028, 421, 38, 911, 11, 329, 99, 1531, 236, 1062, 1281, 107, 1162, 74, 801, 975, 392, 37, 834, 11, 390, 86, 2026, 281, 1254, 1286, 115, 1263, 82, 936, 1016, 438, 35, 873, 10, 616, 93, 912, 146, 867, 1260, 64, 930, 40, 629, 846, 327, 36, 835, 10, 183, 
470, 2703, 1239, 1986, 3693, 465, 1948, 329, 2153, 1107, 492, 68, 1000, 22, 310, 101, 930, 146, 937, 1258, 68, 948, 40, 646, 887, 332, 38, 902, 9, 195, 2745, 930, 142, 937, 1271, 67, 948, 41, 635, 888, 332, 38, 902, 9, 1387, 93, 1521, 245, 1049, 1274, 108, 1150, 76, 799, 966, 400, 40, 825, 11, 296, 161, 1670, 240, 1123, 1282, 106, 1158, 75, 841, 1020, 413, 40, 901, 11, 334, 100, 1531, 232, 1047, 1280, 107, 1149, 74, 816, 968, 397, 38, 829, 10, 381, 85, 2026, 286, 1257, 1299, 114, 1261, 78, 942, 1006, 439, 43, 869, 12, 622, 93, 912, 152, 867, 1266, 65, 930, 48, 622, 842, 336, 36, 835, 10, 183, 
461, 2703, 1197, 1980, 3606, 465, 1929, 328, 1981, 1122, 490, 65, 1004, 21, 306, 100, 930, 119, 942, 1258, 67, 948, 40, 645, 901, 334, 37, 902, 9, 192, 2725, 930, 120, 942, 1264, 67, 948, 40, 637, 898, 334, 38, 902, 9, 1374, 95, 1521, 243, 1061, 1278, 108, 1163, 75, 805, 967, 400, 38, 829, 11, 296, 158, 1670, 241, 1124, 1285, 111, 1158, 75, 849, 1028, 413, 42, 914, 12, 335, 100, 1531, 231, 1052, 1288, 106, 1160, 74, 804, 965, 396, 37, 833, 11, 384, 85, 2026, 282, 1253, 1291, 123, 1273, 78, 943, 1009, 438, 35, 873, 10, 616, 93, 912, 146, 866, 1262, 62, 930, 39, 635, 849, 328, 33, 835, 9, 183, 
402, 2705, 421, 1992, 1308, 198, 1945, 133, 1173, 1121, 488, 71, 1005, 21, 317, 101, 930, 128, 942, 1254, 58, 948, 41, 644, 891, 343, 37, 900, 9, 195, 2757, 930, 121, 942, 1260, 58, 948, 40, 641, 895, 334, 37, 900, 9, 1376, 96, 1521, 237, 1064, 1315, 114, 1143, 77, 821, 970, 401, 47, 829, 12, 296, 161, 1670, 240, 1124, 1293, 107, 1161, 75, 845, 1023, 413, 37, 902, 11, 332, 100, 1531, 231, 1054, 1294, 106, 1149, 75, 809, 965, 399, 37, 833, 11, 383, 85, 2026, 278, 1250, 1296, 115, 1262, 78, 953, 1009, 440, 37, 872, 11, 616, 92, 912, 147, 866, 1263, 63, 930, 40, 641, 844, 329, 35, 835, 9, 183, 
462, 2703, 1136, 1966, 3458, 473, 1930, 328, 2012, 1115, 492, 66, 1006, 21, 311, 100, 930, 80, 945, 28, 43, 948, 39, 635, 893, 332, 36, 898, 9, 196, 2735, 930, 82, 945, 28, 43, 948, 41, 629, 892, 335, 38, 898, 9, 1394, 96, 1521, 233, 1053, 1277, 107, 1145, 75, 797, 969, 394, 37, 827, 11, 303, 160, 1670, 236, 1120, 1275, 105, 1154, 74, 836, 1024, 408, 35, 903, 11, 327, 100, 1531, 242, 1051, 1282, 104, 1152, 73, 800, 967, 393, 35, 830, 11, 381, 86, 2026, 278, 1248, 1298, 116, 1261, 77, 943, 1008, 440, 35, 869, 11, 615, 92, 912, 147, 865, 1271, 67, 930, 41, 633, 841, 329, 43, 833, 10, 188, 
463, 2712, 1208, 1988, 3753, 470, 1944, 325, 2393, 1122, 489, 67, 988, 21, 307, 100, 930, 79, 945, 28, 65, 948, 40, 633, 891, 332, 36, 897, 9, 203, 2728, 930, 80, 945, 28, 64, 948, 41, 633, 889, 339, 37, 897, 9, 1377, 94, 1521, 232, 1047, 1276, 111, 1148, 75, 802, 957, 398, 37, 814, 11, 295, 160, 1670, 242, 1119, 1281, 106, 1159, 75, 834, 1016, 416, 43, 886, 11, 332, 99, 1531, 233, 1058, 1274, 111, 1149, 75, 803, 954, 398, 35, 818, 11, 386, 88, 2026, 280, 1251, 1277, 114, 1273, 78, 940, 1000, 438, 37, 856, 11, 612, 93, 912, 149, 865, 1254, 63, 930, 39, 625, 847, 327, 36, 834, 9, 184, 
538, 2714, 1069, 2010, 3711, 422, 1969, 294, 2352, 1132, 488, 71, 997, 22, 320, 101, 930, 83, 945, 28, 65, 948, 41, 636, 905, 333, 35, 901, 9, 195, 2753, 930, 85, 945, 30, 70, 948, 42, 651, 903, 335, 47, 901, 10, 1407, 96, 1521, 236, 1052, 1280, 110, 1148, 77, 817, 977, 396, 45, 829, 12, 296, 164, 1670, 241, 1136, 1275, 106, 1164, 76, 844, 1028, 419, 40, 898, 11, 334, 99, 1531, 228, 1042, 1282, 106, 1157, 75, 812, 979, 396, 38, 832, 10, 383, 99, 2026, 279, 1247, 1284, 115, 1259, 80, 948, 1017, 449, 57, 872, 14, 640, 105, 912, 165, 865, 1267, 79, 930, 45, 679, 848, 342, 85, 834, 14, 211, 
334, 2702, 904, 1984, 3831, 450, 1959, 332, 2673, 1121, 491, 67, 1013, 21, 316, 101, 930, 149, 937, 1259, 67, 948, 41, 643, 903, 332, 37, 902, 9, 197, 2697, 930, 144, 937, 1282, 68, 948, 41, 631, 903, 335, 41, 902, 9, 1379, 94, 1521, 246, 1051, 1277, 107, 1149, 76, 803, 973, 391, 39, 824, 11, 298, 161, 1670, 238, 1137, 1284, 109, 1168, 74, 838, 1024, 415, 40, 897, 11, 332, 100, 1531, 238, 1054, 1351, 124, 1155, 81, 831, 972, 399, 57, 828, 13, 407, 87, 2026, 290, 1251, 1307, 118, 1268, 78, 942, 1010, 438, 38, 865, 11, 615, 94, 912, 147, 865, 1259, 73, 930, 39, 616, 841, 330, 35, 834, 9, 185, 
451, 2702, 454, 1992, 1310, 200, 1970, 132, 1169, 1125, 488, 68, 989, 22, 311, 101, 930, 136, 938, 1257, 66, 948, 40, 650, 893, 332, 42, 902, 11, 197, 2730, 930, 142, 938, 1264, 70, 948, 42, 650, 894, 334, 44, 902, 10, 1394, 101, 1521, 244, 1064, 1277, 110, 1164, 76, 849, 970, 400, 45, 834, 12, 302, 162, 1670, 239, 1122, 1295, 112, 1164, 77, 847, 1026, 413, 41, 904, 12, 331, 100, 1531, 231, 1056, 1296, 112, 1162, 77, 828, 968, 404, 59, 837, 14, 405, 90, 2026, 298, 1263, 1313, 138, 1265, 82, 963, 1013, 447, 54, 877, 14, 632, 95, 912, 156, 868, 1274, 67, 930, 41, 635, 850, 331, 39, 835, 10, 186, 
454, 2699, 1235, 1956, 3710, 469, 1957, 326, 1960, 1114, 522, 70, 989, 22, 320, 102, 930, 116, 943, 1257, 69, 948, 43, 656, 892, 340, 50, 902, 10, 201, 2723, 930, 125, 943, 1256, 73, 948, 42, 655, 893, 337, 47, 902, 10, 1401, 96, 1521, 231, 1054, 1278, 111, 1146, 75, 799, 963, 398, 41, 826, 11, 296, 162, 1670, 240, 1123, 1286, 106, 1152, 75, 840, 1026, 413, 36, 900, 11, 335, 99, 1531, 234, 1060, 1286, 105, 1148, 73, 791, 965, 401, 35, 828, 10, 384, 85, 2026, 285, 1255, 1292, 115, 1255, 78, 943, 1012, 445, 38, 869, 11, 613, 93, 912, 185, 867, 1272, 68, 930, 40, 638, 844, 330, 45, 835, 10, 190, 
479, 2700, 1255, 1961, 3635, 466, 1929, 329, 1883, 1117, 489, 68, 1003, 21, 312, 100, 930, 82, 945, 29, 67, 948, 40, 668, 895, 337, 46, 895, 10, 199, 2748, 930, 83, 945, 29, 71, 948, 41, 639, 894, 337, 40, 895, 9, 1387, 95, 1521, 232, 1045, 1275, 107, 1155, 75, 801, 964, 402, 39, 825, 11, 298, 160, 1670, 239, 1116, 1279, 109, 1164, 79, 843, 1020, 411, 40, 897, 11, 339, 99, 1531, 234, 1047, 1327, 110, 1149, 75, 798, 964, 392, 42, 829, 11, 390, 86, 2026, 292, 1250, 1291, 117, 1263, 78, 937, 1006, 439, 37, 869, 11, 615, 93, 912, 155, 867, 1267, 63, 930, 39, 624, 842, 325, 35, 835, 9, 187, 
470, 2696, 1223, 1976, 3745, 476, 1887, 332, 2335, 1114, 484, 70, 1003, 21, 311, 101, 930, 138, 937, 1265, 66, 948, 40, 648, 900, 336, 36, 900, 9, 193, 2750, 930, 142, 937, 1281, 70, 948, 41, 653, 901, 333, 47, 900, 10, 1410, 95, 1521, 246, 1058, 1284, 111, 1155, 75, 797, 969, 396, 41, 829, 11, 294, 160, 1670, 242, 1128, 1283, 106, 1164, 75, 841, 1025, 409, 43, 898, 12, 330, 100, 1531, 232, 1054, 1282, 108, 1155, 74, 798, 969, 393, 35, 833, 10, 382, 85, 2026, 281, 1251, 1293, 123, 1265, 77, 934, 1012, 442, 35, 874, 11, 613, 93, 912, 146, 867, 1273, 63, 930, 40, 638, 846, 326, 33, 835, 9, 182, 
481, 2691, 1241, 1996, 3759, 470, 1941, 330, 2151, 1109, 490, 66, 1005, 21, 314, 101, 930, 149, 937, 1251, 65, 948, 40, 646, 893, 334, 37, 901, 9, 192, 2718, 930, 142, 937, 1268, 65, 948, 55, 657, 893, 332, 46, 901, 10, 1394, 96, 1521, 248, 1060, 1280, 111, 1164, 76, 808, 970, 392, 41, 835, 12, 295, 164, 1670, 239, 1114, 1280, 106, 1158, 75, 834, 1025, 410, 35, 902, 10, 327, 99, 1531, 230, 1063, 1283, 109, 1164, 73, 807, 970, 391, 34, 838, 10, 382, 88, 2026, 279, 1262, 1334, 128, 1267, 80, 958, 1012, 446, 48, 878, 12, 625, 95, 912, 153, 867, 1265, 64, 930, 39, 635, 841, 328, 38, 835, 9, 184, 
455, 2699, 440, 1970, 1308, 208, 1940, 137, 1163, 1115, 488, 67, 1016, 21, 314, 102, 930, 160, 936, 1262, 61, 948, 43, 664, 903, 338, 46, 902, 11, 199, 2744, 930, 153, 936, 1263, 65, 948, 40, 639, 906, 332, 39, 902, 9, 1379, 95, 1521, 240, 1053, 1277, 110, 1169, 76, 812, 976, 395, 55, 834, 14, 314, 162, 1670, 241, 1132, 1348, 112, 1175, 104, 864, 1031, 412, 46, 903, 12, 338, 100, 1531, 236, 1055, 1300, 110, 1166, 74, 809, 978, 400, 41, 837, 11, 384, 86, 2026, 283, 1268, 1301, 115, 1267, 78, 942, 1019, 439, 37, 877, 11, 615, 93, 912, 146, 870, 1307, 69, 930, 42, 632, 843, 332, 42, 835, 10, 186, 
471, 2690, 1212, 1973, 3625, 467, 1945, 329, 2015, 1109, 490, 66, 1010, 22, 308, 103, 930, 79, 945, 28, 64, 948, 40, 634, 903, 331, 35, 902, 9, 207, 2742, 930, 86, 945, 29, 67, 948, 42, 645, 903, 346, 45, 902, 10, 1395, 95, 1521, 239, 1051, 1282, 109, 1150, 75, 812, 972, 395, 40, 829, 12, 298, 159, 1670, 242, 1135, 1278, 106, 1167, 76, 838, 1028, 420, 38, 902, 11, 332, 101, 1531, 241, 1054, 1271, 108, 1150, 76, 810, 967, 391, 43, 831, 11, 394, 86, 2026, 283, 1251, 1291, 116, 1269, 78, 926, 1017, 446, 36, 872, 11, 625, 93, 912, 148, 865, 1261, 65, 930, 39, 628, 846, 327, 36, 834, 9, 182, 
470, 2704, 1222, 1980, 3670, 468, 1945, 327, 2114, 1112, 491, 69, 993, 21, 316, 101, 930, 84, 945, 29, 47, 948, 41, 637, 893, 331, 35, 899, 9, 195, 2745, 930, 79, 945, 28, 47, 948, 41, 626, 886, 333, 37, 899, 9, 1384, 95, 1521, 237, 1053, 1275, 108, 1155, 76, 812, 968, 394, 40, 825, 12, 293, 160, 1670, 242, 1130, 1274, 106, 1161, 75, 835, 1023, 412, 36, 904, 20, 330, 100, 1531, 232, 1056, 1277, 105, 1145, 74, 799, 968, 391, 35, 829, 11, 378, 84, 2026, 289, 1244, 1285, 117, 1256, 78, 946, 1007, 441, 45, 869, 12, 624, 94, 912, 159, 865, 1259, 64, 930, 41, 631, 848, 327, 40, 834, 9, 185, 
456, 2695, 890, 1991, 3373, 478, 1898, 329, 2280, 1115, 483, 69, 977, 21, 310, 100, 930, 81, 945, 29, 66, 948, 41, 632, 905, 333, 36, 900, 9, 194, 2724, 930, 80, 945, 28, 66, 948, 41, 635, 905, 334, 37, 900, 11, 1395, 95, 1521, 238, 1053, 1282, 111, 1159, 75, 807, 972, 404, 43, 826, 12, 294, 162, 1670, 241, 1132, 1274, 110, 1172, 76, 850, 1027, 409, 46, 893, 11, 343, 100, 1531, 235, 1057, 1275, 105, 1154, 74, 798, 973, 393, 37, 830, 10, 382, 88, 2026, 289, 1250, 1290, 113, 1261, 77, 932, 1015, 444, 34, 871, 10, 612, 94, 912, 148, 865, 1269, 67, 930, 41, 635, 848, 329, 43, 833, 10, 191, 
483, 2703, 1239, 1983, 3620, 470, 1933, 327, 1964, 1108, 491, 67, 996, 21, 307, 101, 930, 143, 935, 1260, 48, 948, 41, 651, 890, 338, 48, 894, 11, 197, 2737, 930, 156, 935, 1256, 50, 948, 42, 640, 889, 333, 43, 894, 10, 1398, 105, 1521, 235, 1058, 1278, 113, 1155, 75, 799, 961, 395, 41, 831, 12, 294, 160, 1670, 240, 1115, 1286, 108, 1158, 76, 844, 1025, 411, 40, 906, 10, 331, 99, 1531, 232, 1053, 1286, 106, 1150, 79, 800, 962, 393, 37, 834, 11, 381, 85, 2026, 282, 1257, 1315, 116, 1259, 78, 940, 1005, 438, 40, 874, 11, 618, 98, 912, 155, 865, 1258, 82, 930, 41, 640, 843, 330, 47, 834, 10, 187, 
415, 2698, 417, 1984, 1312, 200, 1944, 134, 1188, 1119, 496, 106, 994, 30, 312, 100, 930, 149, 936, 1255, 73, 948, 41, 655, 883, 339, 44, 898, 10, 196, 2739, 930, 149, 936, 1266, 67, 948, 40, 639, 885, 330, 39, 898, 9, 1387, 94, 1521, 234, 1044, 1285, 112, 1141, 76, 812, 959, 399, 45, 818, 12, 297, 161, 1670, 238, 1116, 1283, 108, 1149, 75, 839, 1015, 412, 37, 891, 11, 330, 99, 1531, 231, 1043, 1298, 107, 1144, 74, 795, 954, 398, 38, 821, 11, 384, 85, 2026, 285, 1245, 1288, 115, 1247, 90, 941, 1002, 441, 42, 859, 12, 620, 93, 912, 149, 865, 1260, 65, 930, 39, 633, 838, 333, 38, 834, 9, 183, 
484, 2704, 1262, 1996, 3480, 470, 1948, 326, 1464, 1117, 491, 66, 1011, 21, 306, 104, 930, 146, 936, 1261, 63, 948, 39, 642, 900, 328, 36, 902, 9, 192, 2722, 930, 156, 936, 1259, 69, 948, 41, 639, 900, 334, 41, 902, 10, 1406, 106, 1521, 242, 1048, 1279, 110, 1156, 76, 807, 969, 392, 44, 829, 12, 297, 160, 1670, 239, 1122, 1291, 106, 1158, 74, 837, 1020, 407, 36, 906, 11, 329, 99, 1531, 231, 1046, 1288, 106, 1152, 73, 805, 970, 392, 36, 833, 10, 389, 86, 2026, 282, 1256, 1300, 114, 1263, 77, 936, 1010, 435, 34, 874, 10, 609, 92, 912, 148, 865, 1267, 64, 930, 40, 628, 839, 325, 37, 834, 9, 183, 
483, 2701, 910, 1974, 3496, 466, 1935, 329, 1622, 1111, 492, 67, 999, 24, 308, 103, 930, 107, 943, 1254, 66, 948, 40, 650, 905, 337, 43, 900, 10, 194, 2709, 930, 108, 943, 1268, 70, 948, 42, 640, 903, 336, 43, 900, 11, 1402, 96, 1521, 250, 1051, 1282, 113, 1148, 77, 810, 972, 398, 45, 832, 12, 296, 164, 1670, 241, 1126, 1283, 107, 1157, 75, 843, 1025, 415, 37, 912, 11, 326, 99, 1531, 233, 1051, 1286, 106, 1158, 74, 802, 973, 393, 36, 834, 11, 383, 85, 2026, 282, 1259, 1280, 122, 1259, 78, 934, 1012, 438, 35, 873, 11, 608, 92, 912, 147, 868, 1260, 63, 930, 40, 640, 848, 327, 36, 836, 9, 182, 
358, 2700, 918, 2019, 3615, 471, 1966, 356, 2440, 1122, 488, 67, 1003, 21, 316, 103, 930, 113, 943, 1253, 76, 948, 42, 635, 898, 330, 37, 899, 9, 192, 2736, 930, 113, 943, 1253, 68, 948, 40, 641, 899, 333, 41, 899, 9, 1372, 95, 1521, 233, 1059, 1278, 112, 1158, 76, 807, 969, 397, 47, 833, 13, 298, 161, 1670, 240, 1129, 1286, 108, 1161, 75, 839, 1024, 411, 38, 903, 11, 327, 102, 1531, 233, 1056, 1279, 106, 1160, 74, 806, 970, 395, 43, 837, 12, 386, 86, 2026, 282, 1246, 1303, 117, 1263, 78, 937, 1011, 436, 39, 876, 11, 619, 93, 912, 148, 867, 1268, 64, 930, 39, 621, 848, 329, 37, 835, 9, 183, 
455, 2698, 1191, 1951, 3646, 468, 1941, 329, 2097, 1115, 491, 66, 996, 21, 308, 100, 930, 78, 945, 28, 60, 948, 40, 633, 891, 332, 34, 893, 9, 205, 2711, 930, 79, 945, 28, 65, 948, 40, 632, 892, 344, 38, 893, 9, 1376, 95, 1521, 237, 1053, 1280, 111, 1148, 76, 817, 965, 397, 46, 823, 12, 299, 162, 1670, 240, 1117, 1275, 108, 1163, 75, 852, 1021, 428, 47, 900, 12, 336, 100, 1531, 235, 1046, 1280, 108, 1151, 75, 808, 967, 395, 39, 827, 10, 397, 86, 2026, 282, 1250, 1283, 115, 1255, 77, 931, 1011, 441, 36, 867, 10, 622, 92, 912, 148, 867, 1263, 64, 930, 40, 629, 842, 329, 38, 835, 9, 183, 
433, 2708, 880, 1987, 1309, 196, 1952, 133, 1178, 1114, 488, 65, 990, 21, 309, 100, 930, 142, 937, 1257, 63, 948, 39, 644, 894, 335, 43, 899, 10, 197, 2739, 930, 148, 937, 1269, 68, 948, 41, 636, 893, 337, 40, 899, 10, 1382, 94, 1521, 233, 1049, 1314, 112, 1153, 75, 813, 970, 397, 45, 825, 12, 302, 160, 1670, 244, 1121, 1286, 108, 1155, 75, 844, 1021, 416, 37, 905, 11, 329, 99, 1531, 232, 1048, 1322, 110, 1153, 76, 811, 971, 395, 40, 828, 11, 395, 88, 2026, 287, 1256, 1287, 123, 1258, 92, 945, 1008, 445, 43, 868, 12, 617, 93, 912, 149, 867, 1264, 65, 930, 40, 642, 844, 329, 36, 835, 9, 184, 
409, 2694, 884, 1988, 3390, 465, 1961, 324, 2177, 1120, 485, 69, 1005, 21, 312, 101, 930, 154, 936, 1264, 51, 948, 41, 650, 905, 338, 41, 900, 10, 201, 2775, 930, 159, 936, 1262, 49, 948, 40, 638, 904, 332, 35, 900, 9, 1381, 95, 1521, 235, 1057, 1271, 107, 1160, 75, 808, 978, 401, 38, 833, 11, 292, 158, 1670, 242, 1135, 1286, 108, 1166, 75, 851, 1029, 414, 42, 908, 11, 335, 99, 1531, 234, 1054, 1283, 105, 1164, 75, 806, 979, 397, 42, 836, 10, 388, 86, 2026, 290, 1256, 1302, 117, 1271, 77, 946, 1018, 441, 37, 876, 11, 616, 92, 912, 148, 866, 1265, 72, 930, 40, 623, 848, 336, 37, 835, 9, 184, 
471, 2702, 1003, 1999, 3643, 475, 1918, 329, 2245, 1112, 489, 68, 992, 20, 310, 100, 930, 77, 945, 28, 62, 948, 40, 634, 893, 331, 37, 901, 9, 192, 2765, 930, 79, 945, 28, 63, 948, 43, 630, 893, 329, 38, 901, 9, 1385, 94, 1521, 233, 1050, 1283, 113, 1159, 77, 801, 956, 403, 48, 826, 13, 300, 160, 1670, 240, 1121, 1275, 108, 1163, 75, 824, 1020, 412, 37, 910, 11, 338, 99, 1531, 230, 1049, 1277, 105, 1153, 73, 791, 956, 391, 34, 830, 10, 381, 88, 2026, 279, 1252, 1292, 114, 1262, 78, 929, 1008, 439, 34, 869, 11, 612, 93, 912, 154, 865, 1281, 67, 930, 40, 630, 836, 326, 41, 834, 9, 184, 
484, 2697, 1250, 1979, 3598, 474, 1930, 330, 1956, 1122, 492, 68, 1002, 22, 313, 101, 930, 83, 945, 28, 64, 948, 42, 638, 899, 333, 38, 901, 9, 192, 2719, 930, 79, 945, 28, 64, 948, 41, 639, 898, 335, 36, 901, 9, 1390, 95, 1521, 237, 1051, 1275, 108, 1151, 75, 802, 969, 404, 40, 823, 11, 297, 159, 1670, 242, 1126, 1274, 107, 1167, 75, 831, 1023, 408, 36, 897, 10, 351, 99, 1531, 236, 1060, 1274, 106, 1157, 73, 801, 972, 392, 36, 826, 11, 385, 85, 2026, 291, 1252, 1286, 115, 1256, 79, 927, 1010, 438, 34, 866, 10, 616, 92, 912, 147, 865, 1273, 67, 930, 41, 640, 848, 330, 51, 833, 11, 197, 
464, 2690, 1000, 1989, 1843, 197, 1924, 133, 1153, 1110, 489, 67, 1007, 21, 308, 101, 930, 92, 945, 29, 64, 948, 42, 643, 895, 332, 43, 900, 10, 197, 2734, 930, 81, 945, 28, 71, 948, 41, 634, 898, 335, 42, 900, 10, 1387, 95, 1521, 235, 1050, 1282, 109, 1147, 76, 800, 963, 394, 40, 829, 11, 294, 161, 1670, 241, 1126, 1284, 107, 1163, 75, 828, 1020, 411, 37, 903, 11, 325, 98, 1531, 230, 1048, 1276, 104, 1148, 73, 795, 964, 396, 44, 833, 11, 388, 88, 2026, 286, 1251, 1285, 115, 1261, 78, 937, 1009, 441, 37, 873, 11, 612, 93, 912, 148, 865, 1261, 62, 930, 40, 626, 849, 325, 44, 834, 9, 181, 
377, 2694, 737, 1967, 1313, 196, 1919, 134, 1174, 1116, 491, 66, 1015, 21, 309, 104, 930, 135, 936, 1250, 64, 948, 40, 643, 888, 331, 34, 902, 9, 193, 2728, 930, 137, 936, 1265, 66, 948, 44, 631, 887, 332, 36, 902, 9, 1366, 95, 1521, 247, 1052, 1288, 113, 1158, 76, 816, 968, 396, 50, 827, 12, 300, 169, 1670, 244, 1123, 1286, 110, 1166, 75, 847, 1026, 414, 40, 913, 11, 329, 99, 1531, 234, 1056, 1294, 106, 1157, 74, 807, 968, 394, 38, 830, 11, 385, 86, 2026, 284, 1261, 1284, 123, 1265, 78, 939, 1015, 438, 35, 872, 10, 612, 93, 912, 147, 865, 1269, 63, 930, 39, 632, 841, 327, 34, 834, 9, 183, 
466, 2701, 942, 1983, 2677, 202, 1905, 134, 1158, 1118, 487, 66, 993, 21, 309, 101, 930, 147, 936, 1254, 67, 948, 39, 641, 892, 332, 40, 902, 10, 194, 2757, 930, 151, 936, 1266, 66, 948, 41, 635, 892, 345, 41, 902, 10, 1382, 95, 1521, 233, 1051, 1277, 108, 1151, 76, 808, 967, 392, 39, 827, 12, 297, 160, 1670, 240, 1130, 1283, 110, 1165, 75, 836, 1022, 422, 42, 906, 11, 327, 99, 1531, 233, 1060, 1278, 106, 1154, 74, 798, 967, 390, 35, 830, 10, 397, 85, 2026, 283, 1254, 1287, 114, 1266, 78, 944, 1011, 435, 36, 870, 11, 622, 92, 912, 146, 869, 1253, 66, 930, 39, 635, 843, 328, 41, 834, 9, 185, 
466, 2704, 1080, 1990, 2775, 195, 1943, 133, 1155, 1114, 490, 67, 1006, 21, 310, 100, 930, 86, 945, 28, 66, 948, 40, 639, 897, 339, 45, 899, 11, 198, 2754, 930, 84, 945, 29, 68, 948, 41, 637, 895, 333, 39, 899, 9, 1370, 98, 1521, 233, 1048, 1285, 108, 1154, 75, 800, 972, 396, 43, 833, 11, 295, 157, 1670, 239, 1119, 1288, 107, 1167, 74, 838, 1030, 413, 37, 905, 11, 326, 102, 1531, 232, 1060, 1276, 105, 1153, 73, 851, 974, 397, 45, 836, 11, 390, 88, 2026, 286, 1256, 1290, 117, 1263, 79, 953, 1019, 440, 42, 876, 11, 620, 93, 912, 150, 867, 1258, 64, 930, 39, 621, 848, 343, 35, 835, 9, 183, 
465, 2698, 910, 1986, 2625, 198, 1919, 133, 1163, 1112, 487, 66, 1006, 21, 308, 103, 930, 76, 945, 36, 66, 948, 40, 625, 893, 333, 33, 902, 9, 192, 2724, 930, 78, 945, 28, 66, 948, 40, 634, 897, 330, 35, 902, 9, 1413, 95, 1521, 243, 1058, 1294, 112, 1153, 76, 809, 968, 398, 45, 824, 13, 295, 161, 1670, 239, 1128, 1288, 107, 1164, 75, 839, 1026, 408, 38, 899, 11, 331, 99, 1531, 234, 1067, 1276, 106, 1162, 73, 809, 971, 396, 36, 827, 11, 381, 85, 2026, 281, 1244, 1287, 115, 1266, 77, 935, 1011, 438, 35, 867, 10, 611, 92, 912, 147, 867, 1255, 69, 930, 40, 625, 853, 332, 33, 835, 18, 183, 
466, 2699, 908, 1951, 2623, 199, 1880, 134, 1153, 1104, 487, 66, 1001, 21, 310, 105, 930, 78, 945, 28, 67, 948, 40, 629, 892, 328, 36, 902, 9, 192, 2751, 930, 80, 945, 29, 67, 948, 40, 632, 892, 328, 35, 902, 9, 1369, 96, 1521, 231, 1052, 1287, 108, 1145, 75, 790, 964, 393, 39, 824, 11, 294, 159, 1670, 238, 1122, 1277, 107, 1162, 74, 836, 1018, 408, 37, 905, 11, 328, 102, 1531, 232, 1055, 1273, 105, 1150, 74, 805, 963, 391, 36, 828, 10, 389, 85, 2026, 282, 1248, 1285, 113, 1255, 77, 929, 1006, 447, 35, 869, 11, 612, 93, 912, 147, 867, 1258, 63, 930, 43, 617, 839, 323, 42, 835, 10, 192, 
466, 2695, 431, 1985, 1315, 199, 1919, 134, 1168, 1118, 489, 66, 996, 21, 312, 100, 930, 141, 937, 1258, 45, 948, 39, 663, 896, 332, 48, 901, 11, 206, 2760, 930, 159, 937, 1272, 53, 948, 43, 659, 896, 336, 46, 901, 10, 1386, 95, 1521, 236, 1061, 1292, 111, 1160, 76, 809, 965, 397, 40, 831, 11, 295, 159, 1670, 240, 1130, 1289, 107, 1164, 74, 839, 1028, 411, 37, 903, 11, 329, 104, 1531, 278, 1064, 1293, 112, 1168, 76, 819, 966, 407, 61, 834, 13, 405, 92, 2026, 304, 1269, 1287, 137, 1271, 82, 964, 1016, 448, 55, 875, 13, 627, 94, 912, 157, 871, 1262, 65, 930, 52, 633, 848, 330, 38, 835, 9, 184, 
551, 2706, 1039, 1982, 2219, 215, 1960, 142, 1178, 1121, 488, 66, 1000, 20, 314, 101, 930, 78, 945, 28, 72, 948, 40, 641, 899, 335, 42, 902, 10, 196, 2724, 930, 82, 945, 29, 65, 948, 42, 634, 893, 335, 47, 902, 10, 1409, 97, 1521, 241, 1059, 1343, 115, 1157, 78, 812, 970, 396, 47, 826, 12, 298, 165, 1670, 240, 1123, 1290, 108, 1165, 75, 841, 1027, 412, 45, 906, 13, 331, 100, 1531, 235, 1059, 1283, 107, 1161, 74, 813, 974, 400, 49, 829, 12, 392, 88, 2026, 288, 1261, 1285, 115, 1262, 79, 955, 1019, 445, 42, 868, 12, 618, 94, 912, 150, 866, 1267, 64, 930, 40, 626, 848, 339, 43, 835, 10, 193, 
500, 2701, 930, 1979, 1945, 215, 1957, 165, 1174, 1126, 492, 70, 1020, 22, 316, 123, 930, 186, 936, 1262, 74, 948, 43, 655, 900, 342, 48, 902, 11, 200, 2750, 930, 151, 936, 1257, 67, 948, 40, 643, 899, 341, 40, 902, 9, 1382, 95, 1521, 232, 1053, 1273, 112, 1151, 76, 807, 975, 399, 39, 837, 12, 295, 158, 1670, 244, 1140, 1274, 106, 1176, 76, 838, 1030, 420, 37, 911, 10, 329, 99, 1531, 232, 1053, 1273, 110, 1161, 73, 799, 976, 395, 34, 840, 10, 391, 85, 2026, 284, 1244, 1280, 114, 1260, 78, 940, 1016, 440, 37, 886, 11, 623, 93, 912, 150, 866, 1306, 70, 930, 40, 635, 846, 330, 43, 835, 10, 187, 
487, 2697, 1070, 1964, 2592, 200, 1924, 134, 1146, 1115, 485, 66, 1002, 21, 319, 101, 930, 76, 945, 27, 73, 948, 40, 666, 895, 343, 53, 899, 11, 203, 2739, 930, 87, 945, 29, 70, 948, 42, 641, 892, 332, 42, 899, 10, 1372, 94, 1521, 235, 1048, 1283, 110, 1160, 75, 802, 960, 395, 40, 833, 12, 295, 159, 1670, 238, 1117, 1292, 105, 1149, 74, 831, 1018, 407, 36, 905, 11, 328, 99, 1531, 231, 1051, 1324, 121, 1157, 76, 804, 960, 396, 44, 835, 11, 387, 85, 2026, 288, 1256, 1290, 115, 1266, 78, 942, 1011, 434, 37, 876, 11, 609, 92, 912, 147, 865, 1265, 63, 930, 39, 632, 843, 334, 34, 834, 9, 183, 
435, 2697, 996, 1976, 3015, 202, 1917, 134, 1150, 1110, 489, 124, 997, 29, 354, 124, 930, 103, 945, 31, 73, 948, 44, 662, 897, 339, 49, 902, 10, 195, 2794, 930, 112, 945, 47, 84, 948, 48, 694, 896, 341, 62, 900, 12, 1416, 95, 1521, 241, 1044, 1290, 114, 1153, 77, 803, 966, 399, 44, 825, 12, 292, 163, 1670, 242, 1125, 1284, 106, 1157, 74, 833, 1023, 407, 37, 899, 11, 335, 99, 1531, 231, 1046, 1291, 118, 1159, 77, 815, 969, 400, 47, 828, 12, 390, 86, 2026, 289, 1248, 1289, 114, 1262, 78, 942, 1008, 442, 38, 869, 11, 616, 93, 912, 151, 869, 1265, 63, 930, 40, 633, 844, 336, 38, 834, 9, 192, 
504, 2694, 471, 1989, 1359, 216, 1943, 136, 1169, 1114, 487, 66, 992, 24, 310, 100, 930, 79, 945, 28, 62, 948, 39, 634, 896, 332, 35, 901, 9, 193, 2743, 930, 80, 945, 28, 64, 948, 41, 632, 896, 329, 36, 901, 9, 1377, 93, 1521, 234, 1058, 1275, 110, 1149, 75, 796, 963, 401, 38, 827, 11, 293, 178, 1670, 249, 1132, 1276, 109, 1159, 76, 842, 1022, 410, 46, 901, 12, 341, 99, 1531, 233, 1062, 1283, 105, 1144, 74, 798, 966, 400, 37, 830, 11, 384, 87, 2026, 292, 1253, 1290, 115, 1277, 78, 933, 1011, 438, 36, 871, 11, 610, 92, 912, 164, 865, 1300, 68, 930, 41, 631, 841, 329, 42, 834, 10, 185, 
484, 2706, 1234, 1993, 3637, 468, 1971, 328, 1973, 1124, 492, 67, 1001, 21, 312, 100, 930, 146, 937, 1264, 63, 948, 41, 633, 891, 329, 36, 900, 10, 193, 2709, 930, 142, 937, 1261, 53, 948, 40, 636, 889, 329, 36, 900, 9, 1378, 95, 1521, 234, 1047, 1276, 112, 1148, 77, 804, 957, 394, 44, 826, 13, 297, 160, 1670, 243, 1126, 1283, 107, 1154, 75, 839, 1019, 407, 38, 900, 11, 331, 99, 1531, 232, 1057, 1288, 105, 1153, 75, 792, 958, 393, 34, 829, 11, 381, 85, 2026, 286, 1260, 1298, 114, 1266, 77, 931, 1007, 434, 37, 867, 11, 618, 92, 912, 153, 865, 1273, 63, 930, 39, 619, 836, 329, 35, 834, 9, 182, 
341, 2695, 884, 1973, 3873, 562, 1937, 396, 3453, 1115, 1489, 138, 999, 52, 914, 296, 930, 442, 936, 3545, 193, 948, 120, 1947, 904, 1028, 101, 901, 25, 578, 7954, 930, 454, 936, 3854, 192, 948, 121, 1968, 906, 1020, 103, 901, 26, 3920, 278, 1521, 711, 1042, 3929, 325, 1151, 228, 2465, 960, 1199, 110, 828, 32, 885, 475, 1670, 733, 1130, 3936, 325, 1169, 226, 2569, 1025, 1260, 102, 903, 31, 974, 292, 1531, 713, 1049, 3954, 338, 1150, 225, 2464, 963, 1220, 111, 831, 32, 1166, 255, 2026, 867, 1254, 3946, 345, 1258, 236, 2599, 1010, 1102, 92, 871, 26, 1527, 93, 912, 151, 865, 1259, 64, 930, 40, 625, 846, 326, 35, 834, 8, 181, 
438, 2701, 918, 1973, 2352, 198, 1952, 134, 1166, 1106, 491, 67, 990, 21, 315, 101, 930, 77, 945, 27, 63, 948, 39, 645, 887, 332, 36, 898, 9, 194, 2735, 930, 87, 945, 28, 65, 948, 40, 634, 885, 331, 36, 898, 9, 1384, 94, 1521, 235, 1053, 1285, 107, 1145, 75, 798, 954, 398, 40, 821, 11, 295, 158, 1670, 238, 1122, 1278, 105, 1154, 75, 842, 1018, 410, 35, 898, 11, 328, 97, 1531, 232, 1047, 1270, 104, 1138, 74, 800, 956, 399, 36, 825, 11, 381, 86, 2026, 280, 1246, 1290, 113, 1250, 77, 928, 1007, 448, 42, 864, 11, 621, 95, 912, 155, 867, 1262, 67, 930, 41, 626, 841, 332, 39, 835, 9, 185, 
440, 2701, 1022, 1944, 2461, 194, 1907, 135, 1151, 1102, 487, 67, 1010, 21, 309, 100, 930, 76, 945, 28, 63, 948, 39, 643, 900, 338, 39, 901, 9, 193, 2733, 930, 89, 945, 30, 80, 948, 44, 644, 901, 335, 46, 901, 9, 1390, 94, 1521, 237, 1054, 1285, 106, 1148, 76, 801, 969, 398, 45, 827, 12, 299, 160, 1670, 245, 1125, 1277, 107, 1156, 75, 843, 1023, 406, 37, 910, 11, 330, 99, 1531, 232, 1057, 1280, 105, 1149, 73, 804, 967, 394, 36, 830, 11, 381, 85, 2026, 285, 1249, 1282, 114, 1260, 77, 930, 1012, 445, 35, 871, 11, 617, 92, 912, 148, 871, 1264, 64, 930, 39, 617, 846, 326, 33, 835, 9, 183, 
485, 2701, 574, 2002, 1330, 198, 1965, 137, 1157, 1128, 487, 66, 1007, 21, 312, 100, 930, 76, 945, 27, 57, 948, 39, 631, 899, 332, 38, 900, 9, 204, 2751, 930, 82, 945, 29, 61, 948, 41, 639, 898, 341, 39, 900, 9, 1368, 96, 1521, 235, 1052, 1271, 109, 1157, 78, 807, 971, 397, 38, 831, 11, 295, 158, 1670, 241, 1131, 1274, 106, 1166, 74, 833, 1026, 419, 36, 910, 11, 330, 100, 1531, 232, 1052, 1279, 105, 1151, 73, 801, 973, 393, 36, 834, 10, 397, 88, 2026, 290, 1247, 1298, 117, 1271, 77, 939, 1013, 439, 41, 875, 11, 618, 93, 912, 148, 867, 1268, 63, 930, 39, 620, 850, 332, 34, 835, 9, 184, 
463, 2718, 1005, 1994, 3634, 484, 1922, 333, 2367, 1122, 491, 67, 990, 21, 312, 101, 930, 123, 940, 1264, 66, 948, 40, 633, 899, 333, 35, 902, 9, 192, 2744, 930, 143, 937, 1254, 63, 948, 40, 631, 901, 330, 36, 902, 9, 1385, 95, 1521, 233, 1055, 1277, 107, 1148, 75, 799, 962, 394, 38, 825, 11, 295, 161, 1670, 249, 1132, 1277, 106, 1154, 83, 838, 1022, 412, 57, 896, 12, 355, 99, 1531, 235, 1054, 1287, 107, 1145, 75, 802, 964, 395, 37, 828, 11, 383, 85, 2026, 286, 1259, 1292, 113, 1263, 77, 935, 1013, 438, 36, 868, 11, 612, 93, 912, 148, 867, 1271, 64, 930, 39, 617, 840, 328, 33, 835, 9, 183, 
472, 2713, 1230, 1981, 3726, 476, 1914, 329, 2280, 1115, 495, 69, 1007, 24, 318, 101, 930, 157, 936, 1268, 48, 948, 42, 642, 900, 336, 51, 902, 11, 203, 2770, 930, 158, 936, 1256, 47, 948, 42, 645, 901, 331, 43, 902, 9, 1402, 97, 1521, 239, 1057, 1278, 112, 1155, 80, 807, 969, 399, 45, 825, 12, 294, 161, 1670, 249, 1134, 1274, 108, 1170, 75, 838, 1020, 407, 37, 900, 11, 328, 99, 1531, 230, 1050, 1281, 106, 1162, 77, 794, 972, 397, 35, 829, 11, 381, 84, 2026, 285, 1251, 1292, 115, 1262, 77, 928, 1010, 438, 36, 869, 11, 612, 91, 912, 150, 866, 1271, 64, 930, 39, 612, 841, 326, 33, 835, 9, 182, 
342, 2712, 881, 1993, 2831, 201, 1907, 135, 1157, 1121, 492, 67, 1005, 21, 308, 101, 930, 78, 945, 28, 69, 948, 40, 635, 892, 335, 35, 902, 10, 193, 2742, 930, 83, 945, 30, 56, 948, 42, 645, 892, 333, 42, 902, 9, 1374, 96, 1521, 242, 1062, 1287, 110, 1157, 76, 804, 970, 394, 44, 848, 12, 299, 160, 1670, 240, 1134, 1280, 118, 1180, 75, 834, 1029, 408, 36, 911, 11, 327, 98, 1531, 235, 1060, 1273, 104, 1161, 73, 809, 967, 390, 35, 850, 10, 385, 86, 2026, 281, 1252, 1289, 113, 1260, 77, 952, 1022, 440, 36, 895, 10, 611, 93, 912, 147, 869, 1267, 64, 930, 40, 623, 850, 326, 33, 835, 9, 196, 
361, 2716, 919, 1978, 2822, 196, 1954, 133, 1155, 1118, 493, 67, 999, 21, 310, 100, 930, 76, 945, 27, 67, 948, 39, 639, 901, 336, 34, 902, 9, 193, 2716, 930, 77, 945, 28, 73, 948, 41, 632, 900, 337, 45, 902, 9, 1375, 94, 1521, 236, 1043, 1284, 108, 1150, 74, 799, 965, 391, 38, 828, 11, 297, 158, 1670, 241, 1129, 1277, 106, 1170, 77, 847, 1026, 413, 35, 902, 11, 328, 100, 1531, 237, 1049, 1274, 109, 1156, 74, 813, 966, 394, 40, 832, 10, 385, 85, 2026, 279, 1242, 1281, 121, 1264, 78, 947, 1018, 455, 44, 871, 11, 619, 93, 912, 147, 865, 1255, 63, 930, 39, 623, 845, 326, 35, 834, 9, 186, 
340, 2711, 634, 1963, 1309, 194, 1927, 134, 1174, 1107, 489, 66, 1004, 21, 309, 104, 930, 103, 943, 1258, 65, 948, 39, 637, 907, 342, 36, 895, 9, 192, 2735, 930, 118, 943, 1275, 75, 948, 41, 651, 907, 340, 46, 895, 10, 1381, 94, 1521, 235, 1052, 1290, 112, 1157, 76, 816, 964, 400, 46, 827, 12, 299, 165, 1670, 241, 1125, 1286, 107, 1162, 74, 836, 1024, 414, 37, 907, 11, 336, 98, 1531, 233, 1052, 1280, 117, 1167, 74, 805, 967, 402, 59, 830, 13, 403, 90, 2026, 297, 1259, 1303, 128, 1262, 83, 973, 1007, 447, 57, 869, 13, 634, 95, 912, 156, 865, 1257, 68, 930, 41, 642, 844, 330, 40, 834, 10, 189, 
446, 2721, 908, 1978, 3426, 497, 1916, 331, 2106, 1126, 492, 67, 997, 21, 312, 104, 930, 136, 939, 1259, 60, 948, 42, 652, 888, 334, 42, 900, 10, 198, 2744, 930, 141, 939, 1268, 61, 948, 42, 648, 889, 333, 47, 900, 9, 1393, 95, 1521, 243, 1053, 1274, 109, 1145, 78, 799, 969, 391, 39, 826, 11, 295, 158, 1670, 244, 1125, 1284, 107, 1169, 74, 832, 1020, 407, 35, 900, 10, 330, 98, 1531, 232, 1052, 1290, 106, 1151, 77, 793, 968, 395, 36, 829, 11, 381, 87, 2026, 288, 1256, 1285, 125, 1258, 79, 952, 1011, 437, 42, 869, 11, 613, 93, 912, 147, 868, 1258, 64, 930, 40, 633, 840, 331, 41, 834, 9, 187, 
466, 2708, 961, 1972, 2658, 202, 1907, 134, 1165, 1115, 489, 67, 991, 21, 311, 105, 930, 148, 936, 1266, 68, 948, 40, 640, 892, 333, 40, 902, 9, 195, 2742, 930, 150, 936, 1261, 66, 948, 40, 638, 890, 335, 39, 902, 9, 1381, 95, 1521, 231, 1059, 1275, 108, 1155, 75, 800, 961, 399, 41, 826, 12, 298, 160, 1670, 241, 1127, 1282, 107, 1165, 75, 830, 1017, 414, 36, 909, 11, 330, 100, 1531, 230, 1059, 1275, 106, 1160, 73, 799, 964, 390, 34, 829, 10, 385, 87, 2026, 285, 1246, 1293, 117, 1273, 79, 947, 1008, 435, 42, 870, 11, 615, 92, 912, 148, 865, 1267, 63, 930, 40, 621, 838, 324, 35, 834, 9, 183, 
494, 2711, 1089, 1982, 2284, 201, 1947, 133, 1156, 1114, 487, 68, 1002, 21, 312, 101, 930, 147, 936, 1262, 59, 948, 40, 639, 898, 337, 40, 901, 9, 194, 2751, 930, 156, 936, 1257, 59, 948, 42, 653, 895, 334, 46, 901, 10, 1402, 98, 1521, 241, 1058, 1277, 116, 1163, 77, 820, 965, 401, 48, 829, 12, 296, 162, 1670, 245, 1130, 1276, 107, 1169, 75, 838, 1022, 417, 37, 909, 11, 331, 99, 1531, 233, 1057, 1277, 105, 1163, 72, 792, 969, 394, 33, 832, 10, 381, 95, 2026, 283, 1259, 1296, 113, 1260, 77, 945, 1009, 438, 36, 874, 11, 615, 102, 912, 147, 865, 1261, 63, 930, 39, 622, 842, 331, 34, 834, 9, 182, 
472, 2709, 1132, 2010, 2814, 201, 1916, 133, 1163, 1117, 493, 67, 997, 21, 329, 100, 930, 85, 945, 28, 66, 948, 40, 636, 899, 343, 46, 902, 11, 198, 2762, 930, 85, 945, 30, 69, 948, 42, 639, 899, 336, 40, 902, 9, 1372, 95, 1521, 235, 1055, 1287, 109, 1148, 76, 808, 964, 397, 40, 829, 11, 293, 159, 1670, 238, 1119, 1293, 108, 1159, 75, 834, 1027, 410, 35, 908, 11, 329, 99, 1531, 231, 1054, 1279, 105, 1154, 82, 805, 968, 396, 37, 831, 11, 381, 84, 2026, 281, 1254, 1286, 115, 1258, 78, 949, 1014, 437, 36, 872, 11, 617, 93, 912, 149, 867, 1256, 64, 930, 40, 623, 841, 336, 44, 835, 9, 190, 
468, 2718, 794, 1991, 1310, 196, 1965, 134, 1167, 1123, 489, 67, 998, 22, 313, 100, 930, 103, 943, 1253, 63, 948, 39, 642, 891, 332, 40, 899, 9, 195, 2735, 930, 113, 943, 1269, 69, 948, 42, 646, 892, 340, 44, 899, 10, 1393, 94, 1521, 247, 1051, 1274, 108, 1155, 75, 799, 965, 393, 39, 827, 11, 294, 160, 1670, 241, 1136, 1284, 107, 1175, 75, 836, 1024, 416, 36, 895, 10, 330, 99, 1531, 234, 1064, 1302, 124, 1167, 80, 842, 971, 403, 65, 830, 15, 407, 89, 2026, 293, 1265, 1300, 130, 1266, 82, 965, 1015, 442, 49, 870, 13, 631, 94, 912, 151, 867, 1254, 73, 930, 41, 636, 847, 330, 39, 835, 10, 184, 
465, 2713, 1064, 1977, 2651, 201, 1934, 134, 1158, 1110, 489, 65, 990, 21, 310, 105, 930, 85, 945, 28, 44, 948, 39, 633, 897, 337, 40, 901, 10, 195, 2750, 930, 96, 945, 32, 56, 948, 44, 657, 899, 338, 57, 901, 11, 1426, 97, 1521, 245, 1057, 1291, 114, 1147, 78, 810, 970, 399, 48, 829, 13, 295, 161, 1670, 244, 1133, 1285, 108, 1168, 74, 835, 1026, 411, 36, 908, 11, 329, 98, 1531, 231, 1052, 1276, 104, 1147, 73, 807, 967, 395, 34, 832, 10, 382, 86, 2026, 284, 1244, 1283, 114, 1263, 76, 945, 1014, 439, 35, 873, 10, 611, 93, 912, 148, 867, 1266, 64, 930, 39, 622, 846, 336, 34, 835, 9, 181, 
467, 2715, 935, 1954, 2678, 201, 1920, 136, 1156, 1112, 492, 67, 1009, 22, 310, 104, 930, 143, 937, 1264, 68, 948, 40, 638, 900, 333, 39, 900, 10, 194, 2729, 930, 151, 937, 1296, 77, 948, 43, 649, 900, 339, 51, 900, 19, 1413, 97, 1521, 254, 1056, 1279, 119, 1161, 79, 833, 969, 401, 56, 826, 13, 301, 160, 1670, 241, 1126, 1274, 110, 1165, 74, 832, 1024, 439, 40, 893, 12, 338, 100, 1531, 238, 1060, 1272, 107, 1162, 75, 800, 971, 392, 38, 829, 11, 396, 84, 2026, 283, 1256, 1290, 116, 1270, 78, 941, 1013, 437, 45, 870, 12, 632, 94, 912, 151, 867, 1267, 65, 930, 41, 629, 850, 328, 38, 835, 9, 189, 
341, 2713, 894, 1947, 2791, 197, 1945, 134, 1159, 1115, 490, 66, 995, 21, 309, 100, 930, 148, 936, 1267, 66, 948, 41, 638, 898, 330, 40, 902, 9, 196, 2733, 930, 151, 936, 1260, 72, 948, 43, 639, 897, 335, 44, 902, 9, 1401, 97, 1521, 234, 1051, 1277, 109, 1148, 76, 794, 966, 402, 40, 819, 12, 292, 163, 1670, 240, 1127, 1279, 109, 1154, 75, 837, 1020, 411, 41, 895, 11, 340, 99, 1531, 232, 1045, 1277, 106, 1144, 74, 793, 966, 388, 36, 821, 10, 380, 86, 2026, 292, 1253, 1287, 114, 1272, 77, 937, 1010, 447, 35, 861, 10, 609, 91, 912, 147, 866, 1264, 63, 930, 40, 626, 843, 324, 34, 835, 9, 182, 
470, 2711, 1050, 1970, 2578, 198, 1948, 134, 1165, 1109, 491, 68, 988, 21, 309, 104, 930, 79, 945, 27, 63, 948, 40, 640, 906, 335, 35, 902, 9, 191, 2726, 930, 82, 945, 29, 74, 948, 43, 646, 905, 337, 50, 902, 16, 1437, 97, 1521, 250, 1061, 1298, 119, 1162, 78, 824, 973, 403, 60, 834, 14, 302, 163, 1670, 247, 1132, 1278, 116, 1166, 76, 843, 1027, 411, 38, 906, 11, 331, 99, 1531, 233, 1064, 1276, 106, 1167, 77, 808, 973, 397, 35, 837, 11, 382, 85, 2026, 327, 1267, 1322, 126, 1266, 82, 986, 1017, 446, 53, 877, 13, 625, 94, 912, 155, 865, 1351, 111, 930, 53, 673, 846, 354, 58, 834, 12, 201, 
341, 2718, 565, 2002, 1311, 211, 1949, 133, 1167, 1126, 489, 66, 1011, 21, 312, 99, 930, 77, 945, 28, 65, 948, 40, 636, 891, 333, 33, 900, 9, 193, 2735, 930, 79, 945, 28, 65, 948, 40, 638, 890, 332, 44, 900, 10, 1398, 94, 1521, 233, 1047, 1295, 110, 1160, 76, 818, 963, 400, 43, 830, 12, 297, 160, 1670, 238, 1112, 1276, 111, 1150, 77, 841, 1018, 422, 45, 902, 12, 338, 101, 1531, 234, 1054, 1273, 107, 1154, 73, 796, 962, 396, 38, 833, 10, 393, 86, 2026, 281, 1253, 1280, 115, 1265, 77, 944, 1012, 437, 36, 872, 11, 614, 93, 912, 149, 865, 1263, 66, 930, 40, 623, 839, 331, 42, 834, 10, 184, 
464, 2717, 1040, 1985, 2231, 222, 1914, 135, 1168, 1126, 490, 66, 1006, 22, 311, 101, 930, 78, 945, 28, 57, 948, 40, 637, 889, 331, 34, 901, 9, 196, 2750, 930, 79, 945, 28, 52, 948, 40, 637, 892, 331, 35, 901, 9, 1369, 95, 1521, 235, 1050, 1284, 109, 1149, 75, 793, 956, 392, 40, 838, 12, 295, 162, 1670, 239, 1127, 1277, 118, 1170, 80, 848, 1019, 414, 43, 900, 11, 333, 100, 1531, 234, 1055, 1277, 108, 1146, 74, 810, 960, 393, 41, 841, 11, 385, 86, 2026, 280, 1239, 1282, 114, 1260, 77, 947, 1010, 441, 37, 881, 11, 611, 97, 912, 147, 872, 1262, 62, 930, 39, 628, 843, 327, 34, 834, 9, 192, 
342, 2712, 879, 1968, 2408, 199, 1921, 135, 1155, 1106, 486, 66, 994, 21, 315, 101, 930, 141, 937, 1261, 65, 948, 40, 630, 896, 330, 35, 902, 10, 196, 2696, 930, 156, 937, 1261, 73, 948, 43, 648, 896, 335, 48, 902, 11, 1420, 95, 1521, 238, 1049, 1274, 108, 1150, 75, 800, 958, 405, 41, 817, 11, 296, 160, 1670, 239, 1116, 1308, 113, 1152, 85, 854, 1020, 414, 54, 890, 13, 361, 101, 1531, 239, 1055, 1271, 107, 1147, 75, 802, 961, 396, 39, 820, 11, 383, 88, 2026, 294, 1254, 1283, 113, 1256, 77, 939, 1009, 435, 41, 860, 11, 616, 93, 912, 158, 865, 1256, 63, 930, 40, 627, 841, 329, 42, 834, 10, 187, 
447, 2709, 892, 1963, 2500, 200, 1901, 134, 1152, 1106, 483, 65, 989, 21, 310, 103, 930, 147, 936, 1254, 46, 948, 40, 641, 898, 333, 40, 897, 10, 193, 2764, 930, 151, 936, 1262, 46, 948, 40, 637, 896, 346, 39, 897, 9, 1385, 95, 1521, 232, 1035, 1280, 108, 1159, 74, 812, 966, 393, 40, 827, 11, 298, 159, 1670, 242, 1130, 1276, 107, 1164, 74, 833, 1024, 426, 47, 908, 12, 336, 102, 1531, 240, 1038, 1279, 109, 1157, 75, 808, 971, 392, 38, 831, 10, 398, 85, 2026, 281, 1249, 1286, 115, 1258, 79, 945, 1012, 438, 43, 870, 12, 628, 94, 912, 150, 865, 1262, 64, 930, 40, 623, 850, 326, 36, 834, 9, 182, 
448, 2706, 985, 1975, 2421, 197, 1958, 135, 1152, 1111, 488, 66, 998, 21, 312, 110, 930, 134, 937, 1259, 64, 948, 39, 643, 878, 330, 34, 896, 9, 191, 2700, 930, 142, 937, 1260, 71, 948, 40, 637, 878, 342, 45, 899, 10, 1386, 95, 1521, 235, 1046, 1278, 109, 1156, 75, 810, 961, 395, 45, 822, 12, 296, 161, 1670, 242, 1121, 1274, 109, 1157, 75, 829, 1015, 419, 37, 900, 11, 327, 99, 1531, 235, 1041, 1275, 110, 1147, 76, 807, 960, 391, 43, 826, 11, 401, 87, 2026, 282, 1251, 1283, 117, 1257, 77, 937, 1005, 434, 36, 866, 11, 627, 92, 912, 147, 867, 1260, 64, 930, 40, 621, 849, 326, 34, 835, 9, 184, 
402, 2713, 414, 2000, 1316, 204, 1918, 134, 1178, 1117, 488, 67, 1004, 23, 310, 101, 930, 77, 945, 28, 61, 948, 39, 633, 902, 331, 32, 899, 9, 192, 2726, 930, 82, 945, 30, 65, 948, 41, 640, 901, 332, 42, 899, 9, 1435, 96, 1521, 242, 1048, 1273, 112, 1153, 78, 813, 972, 407, 49, 825, 12, 298, 164, 1670, 246, 1132, 1270, 111, 1170, 77, 844, 1023, 415, 42, 906, 12, 339, 99, 1531, 232, 1054, 1276, 106, 1152, 74, 801, 973, 392, 37, 829, 10, 383, 85, 2026, 290, 1235, 1282, 114, 1252, 78, 944, 1011, 441, 35, 868, 11, 610, 95, 912, 147, 867, 1264, 67, 930, 41, 638, 847, 326, 43, 835, 9, 186, 
383, 2713, 909, 1976, 2359, 201, 1914, 138, 1157, 1119, 486, 66, 1007, 21, 316, 101, 930, 78, 945, 27, 70, 948, 39, 637, 892, 331, 35, 897, 9, 192, 2746, 930, 79, 945, 28, 60, 948, 41, 637, 891, 331, 35, 897, 9, 1369, 94, 1521, 234, 1047, 1285, 108, 1153, 75, 798, 967, 397, 40, 828, 12, 297, 159, 1670, 239, 1124, 1285, 104, 1159, 83, 835, 1024, 412, 43, 900, 11, 339, 99, 1531, 236, 1051, 1273, 107, 1150, 74, 806, 968, 396, 37, 832, 10, 383, 85, 2026, 284, 1243, 1280, 119, 1260, 78, 951, 1013, 440, 41, 873, 11, 616, 92, 912, 148, 867, 1262, 67, 930, 40, 628, 848, 333, 41, 835, 9, 197, 
463, 2702, 477, 1979, 1309, 200, 1902, 136, 1179, 1116, 483, 65, 1000, 21, 313, 101, 930, 139, 937, 1253, 45, 948, 39, 630, 893, 339, 33, 901, 9, 197, 2730, 930, 146, 937, 1265, 49, 948, 41, 640, 898, 336, 41, 901, 9, 1380, 94, 1521, 238, 1054, 1282, 109, 1157, 75, 804, 959, 391, 39, 833, 11, 299, 162, 1670, 244, 1127, 1286, 114, 1159, 76, 836, 1023, 413, 42, 906, 11, 328, 98, 1531, 236, 1059, 1273, 113, 1160, 74, 797, 961, 391, 42, 837, 11, 389, 87, 2026, 284, 1258, 1285, 117, 1274, 78, 947, 1013, 435, 36, 878, 10, 608, 92, 912, 148, 867, 1262, 64, 930, 40, 628, 850, 328, 42, 835, 10, 189, 
499, 2709, 595, 1977, 1351, 221, 1935, 143, 1162, 1126, 488, 66, 1014, 21, 311, 100, 930, 144, 936, 1289, 67, 948, 40, 649, 900, 336, 41, 902, 10, 199, 2752, 930, 169, 936, 1263, 71, 948, 41, 653, 901, 336, 47, 902, 10, 1409, 96, 1521, 236, 1052, 1271, 113, 1154, 76, 810, 971, 400, 48, 828, 12, 298, 170, 1670, 240, 1125, 1284, 106, 1164, 74, 841, 1029, 410, 37, 905, 11, 329, 98, 1531, 231, 1050, 1282, 105, 1164, 73, 804, 971, 392, 34, 832, 11, 385, 85, 2026, 284, 1244, 1301, 117, 1267, 77, 943, 1018, 437, 43, 873, 11, 611, 93, 912, 147, 866, 1268, 65, 930, 40, 623, 845, 331, 41, 835, 10, 185, 
343, 2713, 916, 1971, 2590, 201, 1909, 135, 1155, 1126, 491, 66, 1005, 21, 310, 102, 930, 146, 936, 1269, 63, 948, 39, 642, 905, 334, 35, 901, 9, 193, 2738, 930, 147, 936, 1258, 63, 948, 40, 641, 906, 339, 35, 901, 9, 1384, 94, 1521, 236, 1052, 1277, 109, 1148, 75, 802, 966, 396, 40, 826, 24, 294, 159, 1670, 241, 1137, 1271, 109, 1172, 76, 850, 1028, 417, 42, 898, 11, 329, 109, 1531, 235, 1049, 1269, 109, 1150, 75, 806, 974, 396, 41, 830, 11, 387, 85, 2026, 279, 1242, 1291, 116, 1272, 79, 949, 1020, 438, 37, 869, 11, 621, 94, 912, 149, 866, 1269, 67, 930, 40, 636, 846, 329, 42, 835, 9, 187, 
500, 2705, 528, 1981, 1322, 219, 1899, 135, 1204, 1105, 484, 66, 988, 22, 315, 100, 930, 76, 945, 27, 63, 948, 39, 631, 897, 331, 32, 900, 9, 192, 2742, 930, 79, 945, 28, 65, 948, 40, 633, 896, 332, 35, 900, 18, 1377, 95, 1521, 234, 1058, 1283, 113, 1157, 76, 814, 962, 399, 43, 828, 12, 298, 161, 1670, 247, 1124, 1280, 109, 1163, 75, 842, 1022, 421, 41, 903, 12, 329, 100, 1531, 235, 1049, 1275, 113, 1164, 74, 802, 967, 399, 43, 832, 11, 385, 89, 2026, 282, 1248, 1283, 114, 1274, 78, 946, 1010, 439, 37, 871, 11, 615, 95, 912, 154, 865, 1261, 66, 930, 39, 630, 841, 327, 40, 833, 10, 184, 
446, 2713, 881, 1972, 2444, 222, 1899, 142, 1198, 1115, 490, 65, 1006, 22, 323, 100, 930, 76, 945, 28, 63, 948, 40, 627, 890, 334, 40, 900, 9, 195, 2745, 930, 83, 945, 30, 67, 948, 42, 645, 884, 332, 47, 900, 10, 1408, 96, 1521, 239, 1057, 1287, 110, 1155, 80, 799, 962, 398, 42, 826, 12, 294, 160, 1670, 244, 1124, 1285, 107, 1164, 73, 842, 1026, 408, 36, 902, 11, 332, 99, 1531, 231, 1057, 1275, 104, 1153, 86, 787, 964, 395, 34, 830, 10, 381, 85, 2026, 285, 1255, 1294, 113, 1257, 78, 943, 1014, 437, 38, 869, 12, 624, 92, 912, 147, 865, 1259, 63, 930, 39, 613, 847, 339, 34, 834, 9, 185, 
471, 2709, 1115, 1954, 2816, 194, 1926, 134, 1154, 1094, 488, 67, 996, 21, 310, 102, 930, 82, 945, 28, 75, 948, 40, 629, 892, 334, 35, 902, 9, 192, 2721, 930, 78, 945, 28, 65, 948, 41, 634, 893, 332, 37, 902, 10, 1383, 94, 1521, 235, 1056, 1282, 107, 1152, 75, 802, 956, 391, 40, 821, 11, 298, 160, 1670, 240, 1128, 1278, 108, 1170, 84, 836, 1019, 411, 36, 892, 11, 327, 99, 1531, 234, 1056, 1274, 104, 1151, 73, 802, 958, 390, 34, 823, 10, 385, 83, 2026, 280, 1245, 1287, 116, 1254, 77, 957, 1004, 441, 42, 863, 12, 614, 92, 912, 147, 865, 1259, 64, 930, 39, 620, 847, 325, 34, 834, 9, 199, 
463, 2713, 1009, 1992, 2605, 199, 1927, 135, 1173, 1111, 488, 66, 1009, 21, 309, 100, 930, 149, 937, 1260, 64, 948, 39, 633, 896, 330, 34, 902, 9, 192, 2735, 930, 141, 937, 1263, 66, 948, 39, 632, 896, 335, 34, 902, 9, 1390, 94, 1521, 233, 1055, 1275, 111, 1149, 76, 818, 961, 393, 45, 832, 12, 301, 160, 1670, 240, 1123, 1274, 107, 1166, 75, 834, 1024, 410, 37, 908, 21, 324, 99, 1531, 231, 1059, 1280, 104, 1157, 74, 800, 962, 391, 38, 834, 11, 392, 85, 2026, 282, 1247, 1288, 113, 1259, 78, 936, 1014, 436, 36, 873, 11, 610, 92, 912, 156, 866, 1258, 64, 930, 40, 630, 844, 328, 38, 835, 10, 185, 
464, 2709, 951, 1980, 2642, 194, 1928, 133, 1165, 1104, 485, 66, 1012, 21, 308, 101, 930, 146, 936, 1267, 44, 948, 40, 647, 891, 331, 41, 900, 9, 195, 2737, 930, 156, 936, 1309, 55, 948, 43, 650, 892, 340, 56, 900, 11, 1433, 97, 1521, 243, 1055, 1277, 110, 1154, 75, 814, 965, 393, 43, 826, 12, 300, 160, 1670, 237, 1121, 1272, 107, 1164, 75, 830, 1021, 408, 47, 910, 11, 339, 100, 1531, 232, 1053, 1302, 118, 1155, 78, 824, 969, 401, 52, 829, 13, 397, 87, 2026, 287, 1259, 1310, 120, 1259, 91, 948, 1007, 442, 48, 870, 12, 634, 95, 912, 152, 869, 1260, 65, 930, 42, 625, 843, 328, 39, 834, 9, 186, 
410, 2720, 788, 1991, 1309, 207, 1954, 135, 1169, 1124, 494, 66, 1005, 21, 311, 100, 930, 81, 945, 28, 47, 948, 40, 629, 896, 334, 34, 902, 9, 193, 2749, 930, 78, 945, 27, 48, 948, 40, 634, 892, 329, 35, 902, 9, 1389, 94, 1521, 238, 1061, 1278, 107, 1160, 75, 804, 979, 405, 41, 830, 11, 299, 158, 1670, 240, 1140, 1278, 110, 1175, 74, 837, 1031, 409, 36, 905, 11, 336, 98, 1531, 238, 1068, 1273, 105, 1159, 73, 802, 981, 393, 36, 834, 11, 390, 87, 2026, 294, 1261, 1290, 116, 1270, 76, 942, 1021, 441, 44, 873, 12, 625, 94, 912, 161, 867, 1257, 65, 930, 40, 633, 842, 328, 36, 835, 9, 184, 
374, 2714, 920, 1989, 2369, 208, 1973, 135, 1170, 1115, 489, 70, 1012, 21, 311, 101, 930, 77, 945, 28, 64, 948, 40, 636, 894, 332, 34, 903, 9, 193, 2729, 930, 81, 945, 28, 65, 948, 40, 637, 895, 330, 36, 903, 9, 1383, 94, 1521, 237, 1058, 1286, 110, 1164, 75, 805, 971, 393, 40, 828, 11, 293, 162, 1670, 240, 1137, 1277, 119, 1175, 76, 851, 1024, 415, 42, 900, 12, 332, 98, 1531, 233, 1056, 1274, 106, 1161, 74, 812, 970, 393, 39, 831, 11, 383, 90, 2026, 283, 1259, 1289, 114, 1270, 77, 945, 1015, 439, 35, 872, 11, 609, 96, 912, 151, 870, 1260, 63, 930, 39, 621, 844, 325, 33, 836, 9, 192, 
